,FIELD_GOAL_MADE_DIFF,FIELD_GOAL_MISSED_DIFF,FREE_THROW_DIFF,REBOUND_DIFF,TURNOVER_DIFF,FOUL_DIFF
0,0,1,0,0,0,1
1,1,0,1,1,1,0
2,0,1,0,0,0,1
3,1,0,1,0,0,0
4,0,0,1,1,1,0
5,1,1,0,0,0,1
6,0,0,1,1,1,0
7,1,1,0,0,0,0
8,1,1,0,1,0,1
9,0,0,1,0,1,0
10,0,0,1,1,1,0
11,1,1,0,0,0,1
12,0,1,0,0,0,1
13,1,0,0,1,1,0
14,1,0,0,1,1,1
15,0,1,1,0,0,0
16,0,1,0,0,0,0
17,1,0,1,1,1,1
18,1,0,0,0,0,1
19,0,1,1,0,1,0
20,0,0,0,1,1,1
21,1,1,1,0,0,0
22,0,0,0,0,1,1
23,0,1,1,1,0,0
24,1,0,0,0,1,0
25,0,1,1,1,0,1
26,1,0,0,0,0,1
27,0,0,1,1,1,0
28,1,0,0,1,1,0
29,0,1,1,0,0,0
30,1,1,0,1,0,0
31,0,0,0,0,1,1
32,1,0,1,1,0,0
33,0,1,0,0,1,1
34,1,1,0,1,0,1
35,0,0,1,0,1,0
36,0,1,0,1,1,1
37,1,0,1,0,0,0
38,1,1,1,1,0,0
39,0,0,0,0,1,1
40,1,1,1,1,0,1
41,0,0,0,0,1,0
42,0,1,0,0,0,1
43,0,0,1,1,1,0
44,0,1,1,0,0,1
45,1,0,0,1,1,0
46,0,1,1,0,0,0
47,1,0,0,1,1,0
48,0,1,1,0,0,0
49,0,0,0,1,1,1
50,1,1,0,1,1,0
51,0,0,0,0,0,1
52,0,1,1,1,1,1
53,1,0,0,0,0,0
54,0,0,0,0,1,0
55,1,1,1,1,0,1
56,1,0,0,0,0,1
57,0,0,1,1,1,0
58,0,1,0,0,1,1
59,1,0,1,0,0,0
60,0,1,1,1,1,0
61,1,0,0,0,0,1
62,0,0,1,0,0,0
63,1,0,0,1,1,0
64,1,0,1,1,1,0
65,0,1,0,0,0,1
66,0,0,0,1,1,0
67,1,1,0,0,0,1
68,0,1,0,0,1,0
69,0,0,1,1,0,0
70,0,0,0,0,1,1
71,1,0,1,1,0,0
72,0,1,1,0,0,0
73,1,0,0,1,1,1
74,0,1,1,1,1,0
75,1,0,0,0,0,1
76,0,1,1,0,1,1
77,1,0,0,1,0,0
78,1,0,1,1,1,0
79,0,1,0,0,0,1
80,0,0,1,1,1,0
81,0,1,0,0,0,0
82,0,1,0,1,1,1
83,1,0,1,0,0,0
84,0,1,0,0,1,1
85,1,0,1,1,0,0
86,0,1,1,0,0,0
87,1,0,0,1,1,1
88,0,1,1,1,0,1
89,1,0,0,0,1,0
90,0,0,0,1,1,1
91,0,1,1,0,0,0
92,1,1,0,0,0,1
93,0,0,1,1,1,0
94,0,1,1,0,1,0
95,1,0,0,1,0,1
96,0,1,0,0,0,1
97,1,0,1,1,1,0
98,1,0,0,1,0,1
99,0,1,0,0,1,0
100,0,1,1,1,1,0
101,1,0,0,0,0,1
102,1,0,0,0,1,1
103,0,1,1,0,0,0
104,1,0,1,0,1,1
105,0,1,0,1,0,0
106,0,1,1,0,0,0
107,1,0,0,1,1,1
108,1,0,0,0,0,1
109,0,1,1,1,0,0
110,1,0,1,1,1,0
111,0,1,0,0,0,1
112,0,1,0,0,1,1
113,1,0,1,1,0,0
114,1,0,1,0,0,0
115,0,1,0,1,1,1
116,1,0,0,1,1,1
117,0,1,1,0,0,0
118,1,0,0,0,1,1
119,0,1,1,1,0,0
120,0,0,1,0,0,0
121,1,0,0,1,1,1
122,0,0,1,0,0,0
123,1,1,0,1,0,1
124,0,1,1,1,1,0
125,1,0,0,0,0,1
126,0,0,0,0,1,1
127,1,1,1,1,0,0
128,0,1,0,0,0,1
129,1,0,0,1,1,0
130,1,0,0,1,1,1
131,0,1,0,0,0,0
132,1,0,1,1,1,1
133,0,1,0,0,0,0
134,0,0,1,0,1,0
135,1,1,0,1,0,1
136,1,1,1,0,0,0
137,0,0,0,1,1,1
138,0,0,0,1,1,1
139,0,1,1,0,0,0
140,1,0,1,0,0,0
141,0,1,0,1,1,1
142,1,0,1,1,1,0
143,0,1,0,0,0,1
144,0,1,0,0,0,0
145,0,0,1,1,1,1
146,0,1,1,1,0,1
147,1,0,0,0,0,0
148,0,0,1,0,0,0
149,1,1,0,1,1,1
150,0,1,1,1,0,0
151,1,0,0,0,1,1
152,1,0,0,1,0,0
153,0,1,1,0,1,0
154,1,0,1,1,1,0
155,0,1,0,0,0,1
156,0,0,0,0,1,1
157,1,1,1,1,0,0
158,0,1,1,0,0,0
159,1,0,0,1,1,1
160,1,0,1,1,1,0
161,0,1,0,0,0,1
162,1,0,1,0,0,0
163,0,1,0,1,1,1
164,1,0,1,0,0,0
165,0,1,0,1,1,1
166,1,0,0,0,0,0
167,0,1,0,0,1,1
168,0,1,0,0,0,1
169,1,0,1,1,1,0
170,1,1,0,0,0,0
171,0,0,1,1,1,0
172,1,0,0,1,1,1
173,0,1,1,0,0,0
174,1,0,0,1,0,1
175,0,1,1,0,0,0
176,1,0,1,0,0,0
177,0,1,0,1,1,1
178,0,0,0,0,0,1
179,1,1,1,1,0,0
180,0,1,0,0,1,0
181,1,0,0,1,0,1
182,1,0,0,1,1,1
183,0,1,1,0,0,0
184,0,0,0,1,1,1
185,1,1,1,0,0,0
186,1,0,0,0,0,0
187,0,1,1,1,1,1
188,0,1,0,0,1,1
189,1,0,1,1,0,0
190,0,1,1,1,0,0
191,1,0,0,0,1,1
192,0,1,1,1,1,0
193,1,0,0,0,0,0
194,0,1,1,0,0,0
195,1,0,0,1,0,1
196,1,0,0,0,0,1
197,0,1,1,1,0,0
198,0,0,1,0,1,0
199,1,1,0,1,0,1
200,1,0,1,1,0,0
201,0,1,0,0,1,1
202,0,1,1,0,0,1
203,1,0,0,1,1,0
204,0,1,0,1,0,0
205,0,0,1,0,1,0
206,0,0,0,1,1,0
207,1,1,0,0,0,1
208,0,1,1,0,0,0
209,1,0,0,1,1,1
210,1,1,0,1,0,1
211,0,0,1,0,1,0
212,1,0,1,1,1,0
213,0,1,0,0,0,1
214,1,1,0,0,0,0
215,0,0,1,1,1,0
216,1,1,1,1,0,0
217,0,0,0,0,1,1
218,1,0,0,1,0,1
219,0,1,1,0,1,0
220,1,1,0,1,1,0
221,0,0,1,0,0,0
222,1,1,1,1,0,0
223,0,0,0,0,1,1
224,1,0,0,1,0,1
225,0,1,1,0,0,0
226,0,1,1,0,1,0
227,1,0,0,1,0,1
228,0,0,1,0,1,0
229,1,1,0,1,0,0
230,0,0,1,0,0,0
231,1,1,0,1,1,1
232,0,1,1,0,1,0
233,1,0,0,1,0,0
234,0,0,0,0,0,1
235,1,1,0,1,0,0
236,1,0,1,0,1,0
237,0,1,0,1,0,1
238,1,1,0,1,0,0
239,0,0,1,0,1,1
240,1,1,1,1,0,0
241,0,0,0,0,1,1
242,0,1,1,0,0,0
243,1,0,0,1,1,0
244,1,1,0,1,0,0
245,0,0,0,0,1,1
246,1,0,0,1,1,1
247,0,1,1,0,0,0
248,0,1,0,1,1,1
249,0,0,1,0,0,0
250,1,1,0,0,0,1
251,0,0,1,0,1,0
252,0,0,0,0,0,0
253,1,1,1,1,1,0
254,0,1,0,0,1,0
255,1,0,1,1,0,1
256,0,1,1,0,0,0
257,1,0,0,1,1,1
258,0,0,0,0,1,1
259,1,1,1,1,0,0
260,1,0,1,0,0,0
261,0,1,0,1,1,1
262,1,0,0,0,0,0
263,0,1,0,1,1,1
264,1,1,0,1,1,1
265,0,0,1,0,0,0
266,0,0,1,0,1,0
267,0,1,0,1,0,1
268,1,1,0,0,0,1
269,0,0,1,1,1,0
270,0,0,1,1,1,0
271,0,1,0,0,0,1
272,1,1,0,0,0,1
273,0,0,1,1,1,0
274,0,0,1,0,0,0
275,1,1,0,1,1,1
276,0,1,1,0,0,0
277,1,0,0,1,0,1
278,0,1,1,1,0,0
279,0,0,0,0,1,1
280,1,1,1,1,1,0
281,0,0,0,0,0,0
282,0,0,1,1,1,1
283,1,1,0,0,0,0
284,1,1,1,1,0,0
285,0,0,0,0,1,1
286,0,0,1,0,1,0
287,0,1,0,1,0,1
288,1,0,1,0,0,0
289,0,1,0,1,1,1
290,1,0,1,1,1,0
291,0,1,0,0,0,1
292,1,0,1,1,1,0
293,0,1,0,0,0,0
294,1,0,0,0,0,1
295,0,1,0,1,1,0
296,0,1,0,0,0,1
297,1,0,1,1,1,0
298,1,0,0,0,0,0
299,0,1,1,1,1,1
300,1,1,0,1,0,0
301,0,0,1,0,0,0
302,1,0,1,0,0,0
303,0,1,0,1,1,1
304,1,1,0,1,1,1
305,0,0,1,0,0,0
306,0,0,0,0,1,1
307,1,1,1,0,0,0
308,1,0,1,0,0,0
309,0,1,0,1,1,0
310,1,0,0,0,1,1
311,0,1,1,0,0,0
312,0,1,1,1,1,0
313,1,0,0,0,0,1
314,0,1,0,0,0,1
315,0,0,1,1,1,0
316,1,1,0,1,0,1
317,0,0,1,0,1,0
318,1,1,0,1,0,0
319,0,0,1,0,0,0
320,0,1,0,0,1,1
321,1,0,1,1,0,0
322,0,1,0,1,1,1
323,1,0,1,0,0,0
324,1,0,1,1,1,0
325,0,1,0,0,0,1
326,0,1,1,0,1,1
327,1,0,0,1,0,0
328,1,0,1,1,0,0
329,0,1,0,0,1,1
330,1,0,1,0,0,1
331,0,1,0,1,1,0
332,0,0,0,0,1,1
333,1,0,1,1,0,0
334,1,0,1,1,0,0
335,0,1,0,0,1,1
336,0,1,1,1,0,0
337,0,0,0,0,1,1
338,0,0,0,0,1,0
339,1,0,0,1,0,1
340,0,1,1,0,1,0
341,1,0,0,1,0,0
342,1,0,1,0,0,0
343,0,1,0,1,1,1
344,1,1,1,1,0,0
345,0,0,0,0,1,1
346,1,0,1,1,0,0
347,0,1,0,0,1,0
348,1,1,0,0,0,1
349,0,0,1,1,1,0
350,1,0,0,0,1,1
351,0,1,1,1,0,0
352,0,1,0,1,1,1
353,1,0,1,0,0,0
354,1,0,1,0,0,0
355,0,1,0,1,1,1
356,1,0,0,0,0,1
357,0,1,1,1,1,0
358,0,1,0,0,0,0
359,1,0,1,1,1,0
360,0,1,0,0,1,1
361,1,0,1,1,0,0
362,0,0,1,0,0,1
363,0,1,0,1,1,0
364,1,1,1,1,0,0
365,0,0,0,0,1,1
366,1,0,1,0,1,0
367,0,1,0,1,0,1
368,1,0,0,0,0,1
369,0,0,1,1,0,0
370,1,0,1,1,1,0
371,0,1,0,0,0,1
372,0,1,0,0,0,1
373,1,0,0,0,1,0
374,1,0,1,1,0,0
375,0,1,0,0,1,1
376,0,0,1,1,1,0
377,1,1,0,0,0,1
378,1,0,0,0,0,0
379,0,1,1,0,1,0
380,0,1,1,0,1,0
381,1,0,0,1,0,0
382,1,0,0,1,0,0
383,0,1,1,0,1,0
384,1,0,0,0,1,0
385,0,1,1,1,0,1
386,0,1,0,0,1,1
387,0,0,1,1,0,0
388,0,1,0,0,0,1
389,1,0,0,1,1,0
390,1,0,1,1,1,0
391,0,1,0,0,0,1
392,1,0,1,0,0,0
393,0,1,0,1,0,1
394,1,0,0,1,1,0
395,0,1,1,0,0,1
396,1,1,0,0,0,1
397,0,0,1,1,1,0
398,1,0,1,0,0,0
399,0,1,0,1,1,0
400,0,1,0,1,0,0
401,1,0,1,0,1,0
402,1,0,0,1,0,0
403,0,1,1,0,1,0
404,0,1,1,0,0,0
405,1,0,0,1,0,1
406,0,0,1,1,1,1
407,1,1,0,0,0,0
408,1,1,0,0,1,1
409,0,0,1,1,0,0
410,1,0,1,1,0,0
411,0,1,0,0,1,1
412,0,0,0,0,1,1
413,1,1,1,1,0,0
414,0,1,0,0,0,1
415,1,0,1,1,1,0
416,0,1,0,1,1,1
417,1,0,0,0,0,0
418,1,0,0,0,1,0
419,0,1,1,1,0,0
420,1,0,1,1,1,0
421,0,1,0,0,0,0
422,1,0,0,1,1,1
423,0,1,1,0,0,0
424,0,0,1,1,1,1
425,1,1,0,0,0,0
426,1,1,0,1,0,1
427,0,0,1,0,1,0
428,1,0,1,1,0,0
429,0,0,0,0,1,1
430,0,0,0,0,1,1
431,1,1,1,1,0,0
432,0,0,0,1,1,0
433,1,1,1,0,0,1
434,1,0,1,1,1,0
435,0,1,0,0,0,0
436,0,0,1,0,1,0
437,1,1,0,1,0,1
438,1,1,0,1,0,1
439,0,0,1,0,1,0
440,0,1,0,0,0,1
441,1,0,1,1,1,0
442,1,0,0,0,0,0
443,0,1,1,1,1,1
444,0,1,0,0,0,0
445,0,0,0,1,1,0
446,0,1,1,0,0,1
447,1,0,0,1,1,0
448,0,1,0,1,1,0
449,1,0,0,0,0,1
450,0,1,1,1,0,0
451,1,0,0,0,1,1
452,1,0,1,1,0,0
453,0,1,0,0,1,1
454,0,0,0,0,0,1
455,1,0,1,1,1,0
456,1,0,1,0,1,1
457,0,1,0,0,0,0
458,0,0,1,0,0,0
459,1,1,0,1,1,1
460,0,0,1,1,1,1
461,1,1,0,0,0,0
462,1,0,1,0,0,0
463,0,0,0,1,1,1
464,0,1,1,0,0,0
465,1,0,0,0,1,1
466,0,1,0,0,0,1
467,1,0,1,1,1,0
468,1,0,1,0,0,1
469,0,1,0,1,1,0
470,1,1,1,1,0,0
471,0,0,0,0,1,1
472,1,1,1,1,1,0
473,0,0,0,0,0,1
474,1,1,1,1,0,0
475,0,0,0,0,1,1
476,0,0,1,0,1,0
477,1,1,0,1,0,1
478,1,0,0,1,1,1
479,0,1,1,0,0,0
480,0,0,0,0,1,1
481,1,0,1,1,0,0
482,1,0,0,0,1,1
483,0,1,1,1,0,0
484,0,1,0,1,1,0
485,1,0,1,0,0,0
486,1,0,1,1,1,0
487,0,1,0,0,0,0
488,0,1,1,0,0,0
489,1,0,0,1,1,1
490,0,1,1,0,0,0
491,1,0,0,1,1,1
492,1,1,0,1,0,1
493,0,0,1,0,1,0
494,0,1,1,1,0,1
495,0,0,0,0,1,0
496,0,0,0,1,1,1
497,1,1,1,0,0,0
498,0,0,0,1,1,1
499,1,0,1,0,0,0
500,0,1,1,0,0,0
501,1,0,0,1,1,1
502,1,0,1,1,1,1
503,0,1,0,0,0,0
504,1,1,0,0,1,1
505,0,0,1,1,0,0
506,0,1,1,0,0,0
507,1,0,0,1,1,0
508,0,1,0,0,0,0
509,0,0,1,1,1,0
510,1,0,1,0,0,0
511,0,1,0,1,1,1
512,0,1,1,0,0,0
513,1,0,0,1,1,1
514,1,0,1,1,1,0
515,0,1,0,0,0,1
516,0,1,1,1,1,1
517,1,0,0,0,0,0
518,0,1,0,0,1,1
519,1,0,1,1,0,0
520,0,1,1,1,1,0
521,1,0,0,0,0,1
522,0,1,1,0,1,0
523,1,0,0,1,0,1
524,0,1,0,0,1,1
525,1,0,1,1,0,0
526,1,0,1,1,0,0
527,0,1,0,0,1,1
528,0,1,0,1,1,0
529,1,0,0,0,0,0
530,0,1,1,0,0,1
531,1,0,0,1,0,0
532,0,1,0,0,0,1
533,1,0,1,1,1,0
534,1,1,0,0,0,0
535,0,0,1,1,1,0
536,0,1,0,1,1,1
537,1,0,1,0,0,0
538,0,0,1,1,1,0
539,1,1,0,0,0,0
540,0,1,1,0,0,0
541,1,0,0,1,1,1
542,1,0,0,1,1,1
543,0,1,1,0,0,0
544,1,0,0,1,1,0
545,0,1,1,0,0,1
546,1,0,0,0,0,0
547,0,0,0,0,1,1
548,0,0,1,0,0,0
549,0,1,0,1,1,1
550,1,1,0,0,0,0
551,0,0,1,1,1,1
552,0,0,1,0,0,0
553,1,0,0,1,1,1
554,1,0,0,0,0,1
555,0,1,0,0,1,0
556,1,0,0,0,0,1
557,0,1,1,1,1,0
558,1,0,1,0,0,0
559,0,1,0,1,1,0
560,1,0,0,1,1,1
561,0,1,1,0,0,0
562,0,1,1,0,0,0
563,1,0,0,1,1,1
564,0,1,1,0,0,0
565,1,0,0,1,1,1
566,0,1,0,0,1,1
567,1,0,1,1,0,0
568,0,0,1,0,0,0
569,0,1,0,1,1,1
570,1,0,0,1,1,1
571,0,1,1,0,0,0
572,1,0,0,1,1,1
573,0,1,1,0,0,0
574,0,0,0,1,1,1
575,1,1,1,0,0,0
576,1,0,1,1,0,0
577,0,1,0,0,1,1
578,0,1,0,0,0,1
579,1,0,1,1,1,0
580,0,0,1,0,1,0
581,1,1,0,1,0,1
582,0,0,1,0,0,0
583,1,0,0,1,1,1
584,0,1,1,1,1,1
585,1,0,0,0,0,0
586,0,0,0,0,1,0
587,1,1,1,1,0,0
588,0,1,1,1,0,0
589,1,0,0,0,0,1
590,0,1,0,1,1,1
591,0,0,1,0,0,0
592,0,0,1,1,1,0
593,1,1,0,0,0,1
594,0,1,0,0,1,1
595,1,0,1,1,0,0
596,0,0,1,1,1,0
597,1,1,0,0,0,1
598,1,1,0,1,1,1
599,0,0,1,0,0,0
600,0,0,1,0,1,0
601,1,1,0,1,0,1
602,0,1,0,1,1,1
603,1,0,1,0,0,0
604,1,0,0,1,1,0
605,0,1,1,0,0,0
606,1,1,0,0,0,1
607,0,0,1,1,1,0
608,0,1,1,0,0,0
609,1,0,0,1,1,1
610,0,1,0,0,0,0
611,0,0,1,1,1,1
612,0,1,0,0,1,1
613,1,0,1,1,0,0
614,1,0,0,0,0,0
615,0,1,1,1,0,1
616,0,0,0,1,1,1
617,0,1,0,0,0,0
618,0,1,0,0,1,1
619,1,0,1,1,0,0
620,0,0,1,0,1,0
621,1,1,0,1,0,1
622,0,1,0,0,0,1
623,1,0,1,1,1,0
624,1,0,0,1,1,0
625,0,1,0,0,0,1
626,1,0,0,0,0,0
627,0,0,1,1,1,1
628,0,1,0,1,1,1
629,1,0,0,0,0,0
630,0,0,0,0,0,1
631,0,1,1,1,1,0
632,1,0,1,0,0,0
633,0,1,0,0,0,0
634,1,0,1,0,1,0
635,0,1,0,1,0,0
636,1,1,1,1,0,0
637,0,0,0,0,1,0
638,1,1,1,1,0,0
639,0,0,0,0,1,0
640,0,0,1,0,1,0
641,1,1,0,1,0,1
642,0,0,1,0,0,0
643,1,1,0,1,1,1
644,1,0,0,0,0,1
645,0,0,1,1,1,0
646,1,0,0,0,0,1
647,0,1,1,1,1,0
648,1,0,1,1,1,1
649,0,1,0,0,0,0
650,1,0,1,0,0,0
651,0,1,0,0,1,0
652,1,0,1,1,1,0
653,0,1,0,0,0,1
654,1,0,0,0,1,1
655,0,1,1,0,0,0
656,1,1,0,1,0,1
657,0,0,1,0,0,0
658,1,1,0,1,1,1
659,0,0,1,0,0,0
660,0,0,1,1,1,1
661,0,1,0,0,0,0
662,0,1,0,0,1,1
663,0,0,1,1,0,0
664,0,1,1,1,0,0
665,0,0,0,0,1,0
666,1,0,1,1,0,0
667,0,1,0,0,1,0
668,0,0,0,0,0,1
669,1,1,1,1,1,0
670,1,0,1,1,0,0
671,0,0,0,0,1,0
672,1,1,0,0,1,1
673,0,0,1,1,0,0
674,1,0,0,1,0,0
675,0,1,0,0,1,1
676,0,1,0,0,1,0
677,1,0,1,1,0,0
678,1,0,1,1,1,0
679,0,1,0,0,0,1
680,1,0,0,1,1,0
681,0,0,0,0,0,1
682,0,1,0,0,0,0
683,1,0,1,1,1,0
684,0,1,1,0,0,0
685,1,0,0,1,0,1
686,1,0,1,1,0,0
687,0,1,0,0,1,0
688,0,0,0,1,1,1
689,0,1,1,0,0,0
690,1,1,0,1,0,1
691,0,0,1,0,1,0
692,0,0,0,0,1,0
693,1,1,1,0,0,0
694,0,1,0,1,1,0
695,1,0,1,0,0,0
696,1,0,0,1,0,0
697,0,1,0,0,1,1
698,1,1,0,0,0,1
699,0,0,1,1,1,0
700,1,1,0,0,0,0
701,0,0,1,1,1,0
702,1,1,0,0,0,0
703,0,0,1,1,1,1
704,1,0,0,0,0,1
705,0,1,1,1,1,0
706,1,0,0,0,1,1
707,0,1,1,1,0,0
708,0,1,0,1,1,1
709,1,0,1,0,0,0
710,1,0,0,0,1,1
711,0,1,1,1,0,0
712,1,0,1,1,0,0
713,0,1,0,0,0,1
714,0,1,0,0,0,1
715,1,0,0,1,0,0
716,0,1,0,0,1,1
717,1,0,1,1,0,0
718,0,0,1,1,1,0
719,1,1,0,0,0,1
720,1,0,1,0,0,0
721,0,1,0,0,1,1
722,0,0,1,0,1,1
723,1,1,0,1,0,0
724,0,1,0,0,0,1
725,1,0,0,1,1,0
726,1,1,0,1,0,1
727,0,0,1,0,1,0
728,1,0,1,1,0,0
729,0,1,0,0,1,1
730,0,1,1,1,1,0
731,1,0,0,0,0,1
732,0,0,0,0,1,1
733,0,1,1,0,0,0
734,1,0,0,1,0,1
735,0,1,0,0,1,0
736,0,0,1,0,1,1
737,1,1,0,1,0,0
738,1,0,1,1,0,0
739,0,1,0,0,0,1
740,1,0,1,1,0,0
741,0,1,0,0,1,1
742,1,0,0,0,0,1
743,0,1,1,1,1,0
744,1,0,0,1,1,1
745,0,0,1,0,0,0
746,0,1,0,1,1,0
747,1,0,0,0,0,1
748,0,0,0,0,0,0
749,1,1,1,1,1,1
750,0,0,1,0,0,0
751,1,1,0,1,1,1
752,0,0,1,0,0,1
753,1,0,0,1,1,0
754,0,1,0,0,0,1
755,1,0,1,1,1,0
756,1,0,1,1,0,0
757,0,1,0,0,0,1
758,0,1,0,1,1,1
759,1,0,1,0,0,0
760,0,1,1,0,0,0
761,1,0,0,1,1,1
762,0,0,1,1,1,0
763,0,1,0,0,0,1
764,0,0,1,0,1,0
765,1,1,0,1,0,1
766,1,0,1,1,0,0
767,0,1,0,0,1,1
768,1,0,1,1,0,0
769,0,1,0,0,1,1
770,0,1,1,0,0,0
771,1,0,0,1,1,1
772,0,0,0,0,1,1
773,1,1,1,1,0,0
774,0,1,1,0,1,0
775,1,0,0,1,0,1
776,1,0,1,0,0,0
777,0,1,0,1,1,1
778,1,1,0,0,0,1
779,0,0,1,1,1,0
780,1,0,0,0,0,0
781,0,1,0,0,1,1
782,1,0,1,1,0,0
783,0,1,0,0,1,1
784,1,1,1,1,0,0
785,0,0,0,0,1,1
786,1,0,0,1,1,0
787,0,0,1,0,0,1
788,0,0,1,1,1,0
789,1,1,0,0,0,0
790,1,0,1,1,1,0
791,0,1,0,0,0,1
792,1,1,0,1,0,1
793,0,0,1,0,0,0
794,0,0,0,0,1,1
795,1,1,1,0,0,0
796,1,0,0,1,0,0
797,0,1,1,0,1,0
798,0,1,0,0,1,1
799,1,0,1,1,0,0
800,0,1,1,0,0,0
801,1,0,0,1,1,1
802,1,0,0,0,0,0
803,0,1,1,1,1,1
804,1,0,1,1,0,1
805,0,1,0,0,1,0
806,1,1,0,0,0,1
807,0,0,1,1,0,0
808,1,1,0,0,0,1
809,0,0,1,1,1,0
810,0,1,1,0,0,0
811,1,0,0,1,0,1
812,1,0,0,0,0,0
813,0,1,1,1,1,1
814,0,0,1,0,1,0
815,0,1,0,1,0,1
816,1,0,0,1,1,0
817,0,1,1,0,0,1
818,0,0,1,1,1,0
819,1,1,0,0,0,0
820,1,0,1,0,0,0
821,0,1,0,1,1,1
822,1,0,0,0,0,1
823,0,1,1,1,0,0
824,0,1,0,1,1,0
825,1,0,0,0,0,1
826,0,1,0,0,0,1
827,1,0,1,1,1,0
828,0,1,1,1,0,0
829,1,0,0,0,0,1
830,0,0,1,0,0,0
831,1,1,0,1,1,1
832,1,1,0,1,0,1
833,0,0,1,0,0,0
834,0,1,1,1,1,0
835,1,0,0,0,0,1
836,1,0,0,1,0,1
837,0,1,1,0,1,0
838,1,0,1,1,0,0
839,0,1,0,0,0,1
840,0,1,0,0,0,1
841,1,0,1,1,1,0
842,1,0,1,1,1,0
843,0,1,0,0,0,1
844,1,1,0,1,1,0
845,0,0,0,0,0,0
846,1,0,1,1,0,0
847,0,1,0,0,1,1
848,1,0,1,1,1,0
849,0,0,0,0,0,1
850,1,1,1,1,0,1
851,0,0,0,0,1,0
852,0,0,1,0,1,0
853,1,0,0,1,0,1
854,0,1,0,0,0,0
855,1,0,1,1,1,1
856,1,0,0,1,1,1
857,0,1,1,0,0,0
858,0,0,0,1,1,0
859,1,1,1,0,0,1
860,0,0,1,0,0,0
861,1,0,0,1,0,1
862,1,1,0,0,0,1
863,0,0,1,1,1,0
864,0,1,0,0,0,1
865,1,0,0,1,1,0
866,0,1,0,1,0,0
867,1,0,0,0,0,1
868,0,1,0,0,0,1
869,1,0,1,1,1,0
870,0,0,1,0,0,0
871,1,1,0,1,1,1
872,0,1,0,0,0,1
873,0,0,1,1,1,0
874,0,0,0,0,1,0
875,1,0,1,0,0,0
876,1,1,1,1,0,0
877,0,0,0,0,1,1
878,1,1,0,0,0,0
879,0,0,1,1,1,1
880,0,1,0,1,1,1
881,1,0,1,0,0,0
882,0,1,1,0,0,0
883,1,0,0,1,1,0
884,0,0,0,1,1,1
885,1,1,0,0,0,0
886,0,0,1,0,1,0
887,1,1,0,1,0,1
888,1,1,1,1,0,1
889,0,0,0,0,1,0
890,0,1,1,0,0,0
891,1,0,0,1,0,1
892,1,1,0,0,0,1
893,0,0,1,1,1,0
894,1,0,1,0,0,0
895,0,1,0,1,1,1
896,1,0,1,1,1,0
897,0,1,0,0,0,1
898,0,1,1,0,0,0
899,1,0,0,1,1,1
900,1,0,1,0,1,0
901,0,1,0,0,0,0
902,1,0,0,0,0,1
903,0,1,1,1,1,0
904,1,0,1,1,0,0
905,0,1,0,0,1,1
906,1,1,0,0,0,1
907,0,0,1,1,1,0
908,1,0,1,1,0,0
909,0,1,0,0,1,1
910,0,1,0,1,0,0
911,0,0,1,0,1,1
912,1,0,1,0,0,0
913,0,1,0,1,0,1
914,1,1,0,0,0,1
915,0,0,1,1,1,0
916,0,0,1,1,1,0
917,1,1,0,0,0,1
918,1,1,0,1,1,0
919,0,0,1,0,0,0
920,0,1,0,0,0,1
921,1,0,1,1,1,0
922,1,1,1,1,0,0
923,0,0,0,0,1,1
924,1,1,0,1,0,0
925,0,0,1,0,1,1
926,1,0,1,1,1,0
927,0,1,0,0,0,1
928,1,0,1,1,0,0
929,0,0,0,0,1,0
930,0,0,0,0,0,1
931,1,0,1,1,0,0
932,0,1,1,0,0,0
933,1,0,0,1,1,0
934,0,0,0,0,1,0
935,1,1,1,1,0,0
936,0,1,0,0,0,0
937,1,0,1,1,1,1
938,0,1,1,0,0,0
939,1,0,0,1,1,1
940,1,0,1,0,0,1
941,0,1,0,1,1,0
942,0,1,0,0,0,0
943,1,0,1,1,1,1
944,1,0,0,0,1,0
945,0,1,1,1,0,0
946,0,0,1,1,1,1
947,1,1,0,0,0,0
948,0,1,1,0,1,0
949,1,0,0,1,0,1
950,0,1,0,0,0,1
951,1,0,1,1,1,0
952,1,0,1,0,0,0
953,0,1,0,1,1,1
954,1,0,1,1,1,1
955,0,1,0,0,0,0
956,1,0,1,1,1,0
957,0,1,0,0,0,1
958,0,0,1,0,0,0
959,1,1,0,1,0,1
960,0,0,0,0,0,0
961,1,0,1,1,1,1
962,1,0,0,1,1,1
963,0,1,1,0,0,0
964,0,0,0,1,1,1
965,1,1,1,0,0,0
966,0,1,1,0,0,0
967,0,0,0,1,1,1
968,0,0,0,0,1,0
969,1,0,1,1,0,1
970,0,1,1,0,0,1
971,1,0,0,0,1,0
972,0,0,1,0,1,0
973,1,1,0,1,0,1
974,0,1,1,0,0,1
975,1,0,0,1,1,0
976,0,0,0,0,0,0
977,1,1,1,1,1,1
978,0,1,0,0,0,0
979,1,0,1,1,1,1
980,0,1,1,1,1,0
981,1,0,0,0,0,0
982,0,0,1,1,1,0
983,1,0,0,0,0,1
984,0,1,1,1,1,0
985,1,0,0,0,0,1
986,1,1,1,0,0,0
987,0,0,0,1,1,1
988,0,1,0,0,1,1
989,1,0,1,1,0,0
990,1,1,0,1,0,0
991,0,0,1,0,1,0
992,0,0,1,1,1,1
993,1,1,0,0,0,0
994,1,0,0,1,1,1
995,0,1,1,0,0,0
996,0,1,1,0,0,0
997,1,0,0,1,1,0
998,1,0,1,0,0,0
999,0,1,0,1,1,1
1000,1,0,1,1,1,1
1001,0,1,0,0,0,0
1002,1,0,1,1,0,0
1003,0,1,0,0,1,1
1004,0,0,0,1,1,0
1005,1,1,1,0,0,0
1006,1,0,1,1,0,0
1007,0,1,0,0,1,1
1008,1,1,1,0,0,0
1009,0,0,0,1,1,0
1010,1,1,0,0,1,1
1011,0,0,1,0,0,0
1012,0,1,1,0,1,0
1013,1,0,0,1,0,1
1014,0,0,1,1,0,0
1015,1,0,0,0,1,1
1016,0,1,1,0,1,0
1017,1,0,0,1,0,1
1018,0,1,0,0,0,1
1019,1,0,1,1,1,0
1020,0,0,1,0,1,0
1021,1,1,0,1,0,1
1022,0,0,1,1,1,0
1023,1,1,0,0,0,1
1024,0,1,1,0,0,0
1025,1,0,0,1,1,1
1026,0,1,1,0,1,0
1027,1,0,0,1,0,1
1028,1,1,0,0,0,0
1029,0,0,1,1,1,1
1030,1,0,0,1,1,1
1031,0,1,1,0,0,0
1032,1,0,1,1,0,0
1033,0,1,0,0,1,1
1034,1,1,0,1,0,1
1035,0,0,1,0,1,0
1036,1,0,1,1,0,0
1037,0,1,0,0,1,1
1038,1,1,1,1,0,0
1039,0,0,0,0,1,1
1040,0,1,0,0,1,0
1041,1,0,1,1,0,1
1042,0,1,0,0,0,0
1043,1,0,1,1,0,0
1044,0,1,0,0,1,1
1045,1,0,1,1,0,0
1046,1,0,0,1,0,1
1047,0,1,0,0,1,0
1048,1,0,0,1,1,1
1049,0,1,1,0,0,0
1050,1,0,0,1,1,0
1051,0,1,1,0,0,0
1052,1,0,0,1,0,0
1053,0,1,1,0,0,1
1054,1,1,0,1,0,1
1055,0,0,0,0,0,0
1056,1,0,0,1,1,0
1057,0,1,1,0,0,1
1058,1,0,0,0,0,1
1059,0,1,1,0,1,0
1060,1,0,0,0,0,1
1061,0,1,1,1,0,0
1062,0,1,0,1,1,1
1063,1,0,1,0,0,0
1064,1,0,1,1,0,1
1065,0,1,0,0,1,0
1066,1,0,1,1,1,0
1067,0,1,0,0,0,1
1068,0,1,0,0,0,0
1069,1,0,0,1,1,1
1070,1,0,0,1,0,1
1071,0,1,1,0,0,0
1072,0,1,0,0,0,1
1073,1,0,1,1,0,0
1074,0,1,1,0,1,0
1075,1,0,0,1,0,0
1076,0,1,1,0,0,0
1077,1,0,0,1,1,1
1078,1,0,1,1,0,0
1079,0,1,0,0,0,1
1080,1,0,1,0,1,0
1081,0,1,0,1,0,1
1082,1,1,1,1,0,0
1083,0,0,0,0,0,1
1084,1,0,0,1,1,1
1085,0,1,1,0,0,0
1086,1,0,0,1,0,1
1087,0,1,1,0,1,0
1088,0,1,0,0,0,1
1089,1,0,1,1,1,0
1090,0,0,0,0,1,1
1091,1,0,1,1,0,0
1092,0,1,1,0,0,0
1093,1,0,0,1,1,1
1094,0,0,0,1,0,1
1095,0,1,0,0,0,0
1096,0,1,1,1,0,0
1097,1,0,0,0,1,1
1098,0,0,1,0,1,0
1099,1,1,0,1,0,0
1100,0,1,0,1,0,0
1101,1,0,1,0,0,1
1102,1,0,1,1,1,0
1103,0,0,0,0,0,1
1104,0,1,1,0,1,1
1105,1,0,0,1,0,0
1106,1,0,0,1,1,0
1107,0,0,1,0,0,1
1108,0,0,0,0,0,0
1109,0,1,1,1,1,1
1110,0,0,0,1,1,1
1111,1,1,1,0,0,0
1112,0,1,0,0,1,0
1113,1,0,1,1,0,1
1114,0,0,0,0,1,1
1115,1,1,1,1,0,0
1116,1,0,1,0,0,0
1117,0,1,0,1,1,1
1118,1,1,0,1,0,0
1119,0,0,0,0,1,1
1120,1,0,1,1,0,0
1121,0,1,0,0,1,1
1122,0,1,1,0,0,1
1123,1,0,0,1,1,0
1124,1,0,1,0,0,0
1125,0,1,0,1,1,1
1126,1,0,0,1,0,1
1127,0,1,1,0,1,0
1128,0,1,1,0,0,0
1129,1,0,0,1,1,1
1130,1,1,0,1,1,0
1131,0,0,1,0,0,1
1132,0,1,1,0,0,0
1133,1,0,0,0,1,1
1134,0,1,0,0,0,0
1135,1,0,1,1,1,1
1136,1,0,1,1,1,0
1137,0,1,0,0,0,1
1138,1,1,0,1,0,0
1139,0,0,1,0,0,0
1140,0,1,1,0,0,0
1141,1,0,0,1,1,1
1142,0,0,0,1,1,1
1143,1,1,1,0,0,0
1144,1,1,0,0,0,1
1145,0,0,1,0,0,0
1146,0,1,1,1,1,0
1147,1,0,0,0,0,1
1148,1,1,0,1,0,1
1149,0,0,1,0,1,0
1150,1,0,1,0,0,0
1151,0,1,0,1,0,1
1152,1,0,0,0,1,1
1153,0,1,0,0,0,0
1154,1,1,0,0,0,0
1155,0,0,1,1,1,0
1156,1,1,0,0,0,0
1157,0,0,1,1,1,1
1158,1,0,0,1,1,1
1159,0,1,1,0,0,0
1160,0,0,1,0,1,0
1161,1,1,0,1,0,1
1162,1,0,1,0,0,0
1163,0,1,0,1,1,1
1164,1,1,0,1,0,0
1165,0,0,1,0,0,0
1166,1,0,1,1,0,0
1167,0,1,0,0,1,1
1168,1,0,0,1,0,1
1169,0,1,1,0,1,0
1170,1,0,1,1,0,0
1171,0,1,0,0,1,1
1172,1,0,1,0,0,0
1173,0,1,0,0,1,1
1174,1,0,1,1,1,1
1175,0,1,0,0,0,0
1176,0,1,1,0,0,0
1177,1,0,0,1,1,1
1178,0,1,1,1,0,0
1179,1,0,0,0,0,1
1180,0,0,0,0,1,1
1181,1,1,1,1,0,0
1182,0,0,1,1,1,0
1183,1,1,0,0,0,1
1184,0,1,0,1,1,1
1185,0,0,1,0,0,0
1186,1,0,0,1,1,0
1187,0,1,1,0,0,0
1188,1,0,0,1,0,1
1189,0,0,1,0,1,0
1190,0,0,1,1,1,0
1191,1,1,0,0,0,1
1192,0,0,0,0,0,1
1193,0,0,1,1,1,0
1194,0,0,0,0,0,1
1195,0,1,1,1,1,0
1196,1,1,0,0,0,0
1197,0,0,1,1,1,1
1198,0,1,0,0,1,0
1199,1,0,0,1,0,1
1200,0,1,0,0,0,1
1201,1,0,1,1,1,0
1202,0,0,0,0,1,0
1203,1,1,0,1,0,1
1204,1,0,1,1,0,0
1205,0,1,0,0,1,1
1206,0,0,1,0,1,1
1207,1,1,0,1,0,0
1208,0,1,0,0,1,1
1209,1,0,1,1,0,0
1210,0,0,1,0,0,0
1211,1,1,0,1,0,1
1212,0,1,1,1,0,0
1213,1,0,0,0,1,1
1214,1,0,0,1,0,0
1215,0,0,1,0,1,1
1216,0,1,0,1,1,1
1217,0,0,1,0,0,0
1218,0,1,0,0,0,0
1219,1,0,1,1,1,1
1220,1,0,0,1,0,1
1221,0,0,1,0,1,0
1222,1,1,0,1,0,1
1223,0,0,1,0,1,0
1224,1,1,1,1,0,0
1225,0,0,0,0,1,1
1226,1,0,0,0,0,0
1227,0,1,0,1,1,0
1228,0,1,1,0,0,0
1229,1,0,0,1,1,1
1230,1,0,1,1,0,0
1231,0,1,0,0,1,1
1232,1,0,0,1,0,1
1233,0,1,0,0,1,0
1234,0,1,1,0,0,1
1235,1,0,0,0,1,0
1236,0,1,0,0,0,1
1237,0,0,1,1,1,0
1238,1,0,0,1,1,1
1239,0,1,1,0,0,0
1240,0,0,1,0,0,0
1241,1,1,0,1,1,1
1242,1,0,1,1,1,0
1243,0,1,0,0,0,1
1244,0,0,0,1,1,1
1245,0,1,1,0,0,0
1246,1,0,0,1,1,0
1247,0,1,1,0,0,0
1248,1,1,0,1,0,0
1249,0,0,1,0,1,0
1250,0,0,0,0,1,0
1251,1,1,1,1,0,0
1252,1,0,1,1,0,0
1253,0,1,0,0,0,1
1254,1,0,0,1,1,1
1255,0,1,1,0,0,0
1256,0,0,1,0,1,1
1257,1,1,0,1,0,0
1258,1,0,1,1,0,0
1259,0,1,0,0,1,1
1260,1,0,1,0,1,0
1261,0,1,0,0,0,1
1262,0,1,1,0,1,1
1263,1,0,0,1,0,0
1264,1,0,0,1,0,1
1265,0,1,1,0,1,0
1266,0,0,1,0,0,0
1267,0,1,0,1,1,0
1268,1,0,0,1,1,1
1269,0,1,1,0,0,0
1270,0,0,1,0,1,0
1271,1,1,0,1,0,1
1272,0,0,1,1,1,0
1273,1,1,0,0,0,1
1274,1,0,0,0,0,1
1275,0,1,0,1,1,0
1276,0,0,0,0,1,1
1277,1,1,1,1,0,0
1278,0,1,1,0,0,0
1279,1,0,0,1,1,1
1280,1,0,0,1,0,0
1281,0,1,1,0,1,0
1282,0,0,1,1,1,0
1283,1,1,0,0,0,1
1284,1,0,1,1,1,1
1285,0,1,0,0,0,0
1286,1,0,1,1,1,0
1287,0,1,0,0,0,1
1288,1,0,0,0,0,1
1289,0,1,1,1,1,0
1290,1,1,0,1,0,1
1291,0,0,1,0,0,0
1292,1,0,0,0,1,1
1293,0,1,1,1,0,0
1294,1,0,1,0,0,0
1295,0,1,0,1,1,1
1296,0,1,1,1,0,0
1297,1,0,0,0,1,1
1298,1,0,0,0,1,1
1299,0,1,1,1,0,0
1300,0,0,0,0,1,1
1301,1,1,1,1,0,0
1302,0,1,1,0,0,0
1303,1,0,0,1,1,1
1304,1,0,0,0,0,0
1305,0,1,1,1,0,1
1306,1,0,0,1,1,1
1307,0,1,1,0,0,0
1308,0,1,0,0,1,1
1309,1,0,1,1,0,0
1310,1,0,1,1,1,0
1311,0,1,0,0,0,1
1312,0,1,0,0,1,1
1313,1,0,1,1,0,0
1314,0,1,1,0,0,0
1315,1,0,0,1,0,1
1316,0,1,1,0,0,0
1317,1,0,0,1,1,1
1318,1,0,1,0,0,0
1319,0,1,0,1,1,1
1320,1,1,0,1,1,1
1321,0,0,1,0,0,0
1322,0,0,0,1,1,1
1323,1,1,1,0,0,0
1324,0,1,1,1,0,0
1325,1,0,0,0,1,1
1326,1,1,0,1,1,1
1327,0,0,1,0,0,0
1328,1,0,0,0,1,1
1329,0,1,1,1,0,0
1330,0,0,1,0,1,0
1331,1,1,0,1,0,1
1332,0,1,0,0,0,1
1333,1,0,1,1,1,0
1334,1,1,1,1,0,0
1335,0,0,0,0,0,1
1336,1,1,0,0,0,0
1337,0,0,1,1,1,1
1338,1,0,0,1,1,0
1339,0,1,0,0,0,1
1340,1,0,1,0,0,0
1341,0,1,0,1,1,1
1342,0,1,0,0,0,1
1343,1,0,1,1,0,0
1344,0,1,1,0,0,0
1345,1,0,0,1,1,1
1346,0,1,1,1,0,0
1347,1,0,0,0,1,1
1348,0,1,0,1,1,1
1349,1,0,1,0,0,0
1350,1,0,1,1,0,1
1351,0,1,0,0,1,0
1352,0,1,0,0,1,1
1353,1,0,1,1,0,0
1354,0,0,1,1,1,0
1355,1,1,0,0,0,1
1356,1,0,0,1,0,1
1357,0,1,1,0,1,0
1358,1,1,1,1,0,0
1359,0,0,0,0,1,1
1360,0,1,1,1,0,0
1361,1,0,0,0,0,1
1362,1,1,1,1,0,0
1363,0,0,0,0,1,1
1364,1,0,0,0,0,0
1365,0,1,1,1,1,0
1366,1,0,1,1,1,0
1367,0,1,0,0,0,1
1368,0,0,1,0,1,0
1369,0,1,0,1,0,1
1370,1,1,0,1,0,1
1371,0,0,1,0,1,0
1372,0,1,1,0,0,0
1373,1,0,0,1,1,1
1374,1,0,1,1,0,0
1375,0,1,0,0,1,1
1376,0,0,1,0,0,0
1377,0,1,0,0,1,1
1378,1,0,0,0,0,0
1379,0,1,0,0,1,1
1380,1,1,0,1,0,1
1381,0,0,1,0,1,0
1382,0,1,1,0,0,0
1383,1,0,0,1,1,1
