,FIELD_GOAL_MADE,FIELD_GOAL_MISSED,FREE_THROW,REBOUND,TURNOVER,FOUL,VIOLATION,SUBSTITUTION,EJECTION,FIELD_GOAL_MADE_DIFF,FIELD_GOAL_MISSED_DIFF,FREE_THROW_DIFF,REBOUND_DIFF,TURNOVER_DIFF,FOUL_DIFF,TEAM_NAME,GAME_ID,WL
0,18,40,6,24,4,15,0,14,0,-4,17,-9,-9,-5,8,Warriors,0022300062,L
1,22,23,15,33,9,7,1,13,0,4,-17,9,9,5,-8,Suns,0022300062,W
2,22,27,6,24,5,12,1,13,0,-2,3,-5,0,0,9,Lakers,0022300061,L
3,24,24,11,24,5,3,0,11,0,2,-3,5,0,0,-9,Nuggets,0022300061,W
4,22,20,17,25,7,7,0,14,0,-3,-5,14,3,2,-6,Nets,0022300067,L
5,25,25,3,22,5,13,0,13,0,3,5,-14,-3,-2,6,Cavaliers,0022300067,W
6,27,16,8,22,10,8,0,13,0,-1,-11,1,3,6,0,Pacers,0022300064,W
7,28,27,7,19,4,8,0,11,0,1,11,-1,-3,-6,0,Wizards,0022300064,L
8,20,25,9,27,8,11,0,10,0,4,7,-2,12,-2,3,Magic,0022300066,W
9,16,18,11,15,10,8,0,15,0,-4,-7,2,-12,2,-3,Rockets,0022300066,L
10,19,25,20,27,7,7,1,12,0,-8,-1,14,2,1,-6,Jazz,0022300072,L
11,27,26,6,25,6,13,0,13,0,8,1,-14,-2,-1,6,Kings,0022300072,W
12,19,27,7,17,11,12,2,12,0,-7,7,0,-8,-1,3,Trail Blazers,0022300074,L
13,26,20,7,25,12,9,0,12,0,7,-7,0,8,1,-3,Clippers,0022300074,W
14,20,22,4,25,7,10,0,11,0,3,-11,-6,1,3,3,Celtics,0022300065,W
15,17,33,10,24,4,7,0,11,0,-3,11,6,-1,-3,-3,Knicks,0022300065,L
16,17,30,8,18,6,11,3,13,0,-2,10,-5,-10,-5,-1,Grizzlies,0022300071,L
17,19,20,13,28,11,12,1,11,0,2,-10,5,10,5,1,Pelicans,0022300071,W
18,26,22,11,22,7,11,1,16,0,3,-1,-3,0,-1,2,Spurs,0022300073,L
19,23,23,14,22,8,9,0,14,0,-3,1,3,0,1,-2,Mavericks,0022300073,W
20,18,23,7,27,14,12,0,14,0,-2,-3,-9,6,10,4,Pistons,0022300068,L
21,20,26,16,21,4,8,1,15,0,2,3,9,-6,-10,-4,Heat,0022300068,W
22,19,21,14,24,12,11,0,13,0,0,-8,-4,-2,4,1,Hornets,0022300063,W
23,19,29,18,26,8,10,0,10,0,0,8,4,2,-4,-1,Hawks,0022300063,L
24,21,20,13,22,10,12,0,16,0,2,-8,-2,-1,2,-1,Thunder,0022300070,W
25,19,28,15,23,8,13,0,14,0,-2,8,2,1,-2,1,Bulls,0022300070,L
26,18,32,13,24,6,14,0,16,0,2,0,-7,-8,-1,4,Raptors,0022300069,W
27,16,32,20,32,7,10,1,13,0,-2,0,7,8,1,-4,Timberwolves,0022300069,L
28,23,17,17,25,8,13,1,15,0,5,-2,-3,9,1,0,Bucks,0022300075,W
29,18,19,20,16,7,13,0,12,0,-5,2,3,-9,-1,0,76ers,0022300075,L
30,19,25,12,27,7,9,2,11,0,1,2,0,5,-3,-4,Suns,0022300076,L
31,18,23,12,22,10,13,0,12,0,-1,-2,0,-5,3,4,Lakers,0022300076,W
32,23,20,17,23,6,6,0,10,0,1,-3,9,3,-1,-9,Magic,0022300086,W
33,22,23,8,20,7,15,0,12,0,-1,3,-9,-3,1,9,Trail Blazers,0022300086,L
34,23,23,10,19,8,12,1,12,0,4,7,-2,4,-2,1,Jazz,0022300085,W
35,19,16,12,15,10,11,0,10,0,-4,-7,2,-4,2,-1,Clippers,0022300085,L
36,22,24,5,24,9,12,0,10,0,-1,2,-1,4,1,4,Nets,0022300084,L
37,23,22,6,20,8,8,0,12,0,1,-2,1,-4,-1,-4,Mavericks,0022300084,W
38,24,23,7,22,7,8,1,14,0,2,1,2,2,-2,-1,Warriors,0022300087,W
39,22,22,5,20,9,9,0,13,0,-2,-1,-2,-2,2,1,Kings,0022300087,L
40,24,21,14,20,6,11,0,10,0,2,1,2,3,-3,2,Knicks,0022300079,W
41,22,20,12,17,9,9,1,10,0,-2,-1,-2,-3,3,-2,Hawks,0022300079,L
42,21,24,4,17,7,10,0,14,0,0,1,-9,-8,-2,3,Spurs,0022300083,W
43,21,23,13,25,9,7,1,12,0,0,-1,9,8,2,-3,Rockets,0022300083,L
44,16,30,12,20,11,13,2,11,0,-4,10,1,-5,-4,1,Hornets,0022300077,L
45,20,20,11,25,15,12,0,15,0,4,-10,-1,5,4,-1,Pistons,0022300077,W
46,15,31,12,25,7,8,1,16,0,-5,5,4,-3,-1,0,Cavaliers,0022300081,L
47,20,26,8,28,8,8,1,13,0,5,-5,-4,3,1,0,Thunder,0022300081,W
48,16,29,7,24,8,7,1,12,0,0,5,5,-1,-3,-4,Bulls,0022300082,W
49,16,24,2,25,11,11,0,13,0,0,-5,-5,1,3,4,Raptors,0022300082,L
50,24,28,7,30,9,7,2,10,0,3,1,0,5,2,-1,Celtics,0022300080,W
51,21,27,7,25,7,8,0,12,0,-3,-1,0,-5,-2,1,Heat,0022300080,L
52,19,26,16,28,11,12,0,16,0,-4,1,5,7,5,2,Grizzlies,0022300078,L
53,23,25,11,21,6,10,1,13,0,4,-1,-5,-7,-5,-2,Nuggets,0022300078,W
54,21,19,10,17,8,9,0,12,0,-1,-4,-1,-2,4,-2,Raptors,0022300092,L
55,22,23,11,19,4,11,0,9,0,1,4,1,2,-4,2,76ers,0022300092,W
56,24,29,8,26,2,10,1,12,0,4,0,-1,-2,-3,1,Pacers,0022300091,W
57,20,29,9,28,5,9,1,10,0,-4,0,1,2,3,-1,Cavaliers,0022300091,L
58,20,24,4,21,9,10,0,13,0,-3,4,-9,0,6,1,Jazz,0022300094,L
59,23,20,13,21,3,9,0,13,0,3,-4,9,0,-6,-1,Suns,0022300094,W
60,15,30,6,28,10,6,0,9,0,-8,7,1,5,4,-5,Knicks,0022300090,L
61,23,23,5,23,6,11,0,15,0,8,-7,-1,-5,-4,5,Pelicans,0022300090,W
62,22,23,6,21,5,7,0,8,0,-2,0,3,-3,-1,0,Heat,0022300093,L
63,24,23,3,24,6,7,0,11,0,2,0,-3,3,1,0,Timberwolves,0022300093,W
64,23,15,7,20,6,7,0,14,0,4,-13,3,2,2,-1,Pistons,0022300088,W
65,19,28,4,18,4,8,0,12,0,-4,13,-3,-2,-2,1,Bulls,0022300088,L
66,15,28,8,27,8,8,1,16,0,-6,-1,0,4,4,-1,Grizzlies,0022300089,L
67,21,29,8,23,4,9,0,12,0,6,1,0,-4,-4,1,Wizards,0022300089,W
68,20,24,19,21,7,14,0,12,0,0,4,-5,-1,1,0,Trail Blazers,0022300098,L
69,20,20,24,22,6,14,0,10,0,0,-4,5,1,-1,0,76ers,0022300098,W
70,15,24,5,18,15,11,2,12,0,-8,0,-1,-7,5,2,Spurs,0022300099,L
71,23,24,6,25,10,9,0,14,0,8,0,1,7,-5,-2,Clippers,0022300099,W
72,16,30,8,19,4,7,0,12,0,-5,7,3,-8,-4,-2,Rockets,0022300096,L
73,21,23,5,27,8,9,0,11,0,5,-7,-3,8,4,2,Warriors,0022300096,W
74,17,26,23,25,6,8,0,11,0,-10,2,18,4,1,-5,Lakers,0022300100,L
75,27,24,5,21,5,13,1,12,0,10,-2,-18,-4,-1,5,Kings,0022300100,W
76,17,31,14,25,9,11,0,12,0,-9,5,6,-3,3,2,Bucks,0022300097,L
77,26,26,8,28,6,9,0,11,0,9,-5,-6,3,-3,-2,Hawks,0022300097,W
78,28,24,11,30,3,9,0,11,0,8,-6,1,14,1,-2,Nuggets,0022300095,W
79,20,30,10,16,2,11,1,10,0,-8,6,-1,-14,-1,2,Thunder,0022300095,L
80,23,24,9,27,7,7,1,13,0,0,-3,4,5,1,0,Warriors,0022300108,W
81,23,27,5,22,6,7,0,10,0,0,3,-4,-5,-1,0,Pelicans,0022300108,L
82,16,29,13,26,9,11,0,14,0,-4,6,-2,1,2,2,Pistons,0022300109,L
83,20,23,15,25,7,9,3,13,0,4,-6,2,-1,-2,-2,Thunder,0022300109,W
84,19,24,3,21,9,9,0,11,0,-1,3,-7,-1,2,3,Trail Blazers,0022300105,W
85,20,21,10,22,7,6,1,12,0,1,-3,7,1,-2,-3,Raptors,0022300105,L
86,17,25,14,19,7,8,0,10,0,-6,1,4,-4,-1,-5,Heat,0022300107,L
87,23,24,10,23,8,13,0,12,0,6,-1,-4,4,1,5,Bucks,0022300107,W
88,21,24,10,21,8,14,0,12,0,-2,6,2,4,-2,4,Magic,0022300111,L
89,23,18,8,17,10,10,0,11,0,2,-6,-2,-4,2,-4,Lakers,0022300111,W
90,23,22,8,23,8,10,1,11,0,0,-1,-6,2,2,1,Mavericks,0022300106,W
91,23,23,14,21,6,9,0,10,0,0,1,6,-2,-2,-1,Grizzlies,0022300106,L
92,20,23,12,20,6,11,1,12,0,2,2,-2,-2,-3,2,Pacers,0022300102,L
93,18,21,14,22,9,9,0,12,0,-2,-2,2,2,3,-2,Bulls,0022300102,W
94,21,21,9,13,6,8,0,11,0,-10,6,1,-6,4,-3,Hawks,0022300104,W
95,31,15,8,19,2,11,0,11,0,10,-6,-1,6,-4,3,Timberwolves,0022300104,L
96,21,27,8,19,5,11,0,11,0,-3,8,-8,-8,-3,1,Hornets,0022300101,L
97,24,19,16,27,8,10,0,13,0,3,-8,8,8,3,-1,Nets,0022300101,W
98,31,22,6,25,6,7,1,9,0,10,-2,0,5,-4,1,Celtics,0022300103,W
99,21,24,6,20,10,6,1,10,0,-10,2,0,-5,4,-1,Wizards,0022300103,L
100,17,29,11,28,8,9,1,12,0,-8,5,9,3,3,-2,Jazz,0022300110,L
101,25,24,2,25,5,11,0,15,0,8,-5,-9,-3,-3,2,Nuggets,0022300110,W
102,19,22,7,23,11,17,0,11,0,4,-8,-10,0,3,10,Magic,0022300114,L
103,15,30,17,23,8,7,1,11,0,-4,8,10,0,-3,-10,Clippers,0022300114,W
104,21,26,10,23,7,9,0,11,0,1,-3,2,-2,1,1,Knicks,0022300112,W
105,20,29,8,25,6,8,1,12,0,-1,3,-2,2,-1,-1,Cavaliers,0022300112,L
106,17,28,9,18,8,9,1,13,0,-7,6,3,-7,-1,-1,Spurs,0022300113,W
107,24,22,6,25,9,10,0,11,0,7,-6,-3,7,1,1,Suns,0022300113,L
108,22,19,8,16,8,11,1,14,0,3,-3,-5,-6,0,2,Warriors,0022300126,W
109,19,22,13,22,8,9,0,13,0,-3,3,5,6,0,-2,Kings,0022300126,L
110,26,22,14,28,6,8,1,11,0,1,-3,11,14,1,-3,Celtics,0022300118,W
111,25,25,3,14,5,11,0,15,0,-1,3,-11,-14,-1,3,Pacers,0022300118,L
112,18,22,6,18,12,11,1,11,0,-7,3,-4,-3,5,2,Lakers,0022300127,W
113,25,19,10,21,7,9,0,10,0,7,-3,4,3,-5,-2,Clippers,0022300127,L
114,23,23,13,23,6,8,1,9,0,5,-6,7,-2,-4,-2,Timberwolves,0022300123,W
115,18,29,6,25,10,10,0,12,0,-5,6,-7,2,4,2,Nuggets,0022300123,L
116,26,22,5,32,10,11,0,15,0,13,-5,-13,16,3,3,Raptors,0022300116,W
117,13,27,18,16,7,8,2,12,0,-13,5,13,-16,-3,-3,Bucks,0022300116,L
118,19,28,11,30,7,14,2,19,0,5,-12,-3,-4,1,5,Thunder,0022300121,L
119,14,40,14,34,6,9,0,15,0,-5,12,3,4,-1,-5,Pelicans,0022300121,W
120,22,21,11,19,9,9,0,14,0,-2,0,4,-2,-2,-1,Rockets,0022300122,W
121,24,21,7,21,11,10,0,9,0,2,0,-4,2,2,1,Hornets,0022300122,L
122,18,23,11,21,6,5,0,13,0,-2,-1,7,-3,0,-5,Mavericks,0022300124,W
123,20,24,4,24,6,10,0,13,0,2,1,-7,3,0,5,Bulls,0022300124,L
124,17,26,14,22,10,5,0,11,0,-6,4,9,1,2,-11,Trail Blazers,0022300115,W
125,23,22,5,21,8,16,0,13,0,6,-4,-9,-1,-2,11,Pistons,0022300115,L
126,16,21,10,19,8,14,0,14,0,-3,-7,-3,-9,1,7,Cavaliers,0022300120,W
127,19,28,13,28,7,7,0,11,0,3,7,3,9,-1,-7,Knicks,0022300120,L
128,13,33,14,12,9,14,0,16,0,-14,21,0,-14,-3,5,Grizzlies,0022300125,L
129,27,12,14,26,12,9,0,12,0,14,-21,0,14,3,-5,Jazz,0022300125,W
130,20,23,11,27,12,9,0,10,0,4,-5,0,7,2,1,Heat,0022300119,L
131,16,28,11,20,10,8,0,14,0,-4,5,0,-7,-2,-1,Nets,0022300119,W
132,25,26,5,33,9,7,0,10,0,4,-7,1,12,5,2,Hawks,0022300117,W
133,21,33,4,21,4,5,0,13,0,-4,7,-1,-12,-5,-2,Wizards,0022300117,L
134,21,17,10,17,11,9,0,11,0,-8,-7,5,-4,7,-1,Suns,0022300131,L
135,29,24,5,21,4,10,1,16,0,8,7,-5,4,-7,1,Spurs,0022300131,W
136,20,23,15,21,7,11,0,9,0,2,1,6,-2,-3,-1,76ers,0022300128,W
137,18,22,9,23,10,12,1,14,0,-2,-1,-6,2,3,1,Raptors,0022300128,L
138,22,24,14,25,11,14,0,15,0,0,-2,-5,1,3,2,Jazz,0022300130,L
139,22,26,19,24,8,12,0,12,0,0,2,5,-1,-3,-2,Magic,0022300130,W
140,24,16,18,23,4,6,0,14,0,5,-16,11,-1,-4,-10,Pelicans,0022300129,W
141,19,32,7,24,8,16,1,17,0,-5,16,-11,1,4,10,Pistons,0022300129,L
142,26,20,14,23,9,7,0,11,0,4,-3,7,6,1,-6,Pacers,0022300001,W
143,22,23,7,17,8,13,0,15,0,-4,3,-7,-6,-1,6,Cavaliers,0022300001,L
144,23,23,3,17,5,4,0,12,0,0,6,-3,-2,-2,-3,Nets,0022300004,W
145,23,17,6,19,7,7,0,10,0,0,-6,3,2,2,3,Bulls,0022300004,L
146,16,35,12,34,6,10,0,13,0,-3,12,2,15,0,2,Knicks,0022300002,L
147,19,23,10,19,6,8,0,11,0,3,-12,-2,-15,0,-2,Bucks,0022300002,W
148,24,17,13,16,11,6,0,13,0,-1,-3,6,-3,-2,-4,Thunder,0022300005,L
149,25,20,7,19,13,10,0,14,0,1,3,-6,3,2,4,Warriors,0022300005,W
150,19,26,13,23,5,7,1,10,0,-2,2,5,2,-1,-3,Trail Blazers,0022300007,W
151,21,24,8,21,6,10,0,16,0,2,-2,-5,-2,1,3,Grizzlies,0022300007,L
152,24,16,6,19,9,7,1,11,0,2,-1,-1,4,-2,0,Heat,0022300003,W
153,22,17,7,15,11,7,1,11,0,-2,1,1,-4,2,0,Wizards,0022300003,L
154,26,20,11,25,11,10,0,11,0,6,-1,1,12,1,-1,Nuggets,0022300006,W
155,20,21,10,13,10,11,2,15,0,-6,1,-1,-12,-1,1,Mavericks,0022300006,L
156,18,19,9,14,11,13,0,11,0,-7,-7,-2,-13,2,4,Lakers,0022300134,L
157,25,26,11,27,9,9,1,10,0,7,7,2,13,-2,-4,Magic,0022300134,W
158,16,32,12,20,6,6,0,12,0,-3,8,1,-9,-6,-5,Suns,0022300132,L
159,19,24,11,29,12,11,0,8,0,3,-8,-1,9,6,5,76ers,0022300132,W
160,24,23,17,28,5,11,0,10,0,4,-9,3,7,5,-1,Celtics,0022300136,W
161,20,32,14,21,0,12,1,17,0,-4,9,-3,-7,-5,1,Nets,0022300136,L
162,22,23,14,23,6,5,1,12,0,1,-8,5,-8,-2,-6,Pelicans,0022300135,L
163,21,31,9,31,8,11,1,12,0,-1,8,-5,8,2,6,Hawks,0022300135,W
164,23,20,10,22,4,7,0,14,0,4,-10,8,-2,-3,-2,Timberwolves,0022300138,W
165,19,30,2,24,7,9,1,13,0,-4,10,-8,2,3,2,Jazz,0022300138,L
166,24,20,7,20,4,7,0,12,0,4,-3,0,0,-2,-3,Rockets,0022300137,W
167,20,23,7,20,6,10,1,12,0,-4,3,0,0,2,3,Kings,0022300137,L
168,18,36,6,23,7,11,0,13,0,-3,14,-5,-2,-2,3,Pacers,0022300133,L
169,21,22,11,25,9,8,0,13,0,3,-14,5,2,2,-3,Hornets,0022300133,W
170,18,24,12,20,8,10,1,12,0,1,3,-2,-2,-1,0,Bulls,0022300139,L
171,17,21,14,22,9,10,1,13,0,-1,-3,2,2,1,0,Nuggets,0022300139,W
172,27,20,10,24,5,12,2,15,0,11,-11,-6,3,1,3,Hornets,0022300143,L
173,16,31,16,21,4,9,0,13,0,-11,11,6,-3,-1,-3,Mavericks,0022300143,W
174,23,21,3,28,12,8,0,16,0,10,-7,-3,10,0,3,Spurs,0022300141,L
175,13,28,6,18,12,5,0,12,0,-10,7,3,-10,0,-3,Raptors,0022300141,W
176,24,22,12,22,6,12,1,14,0,3,-2,3,-2,-2,-2,Grizzlies,0022300144,W
177,21,24,9,24,8,14,0,10,0,-3,2,-3,2,2,2,Trail Blazers,0022300144,L
178,20,24,7,16,8,12,0,15,0,-2,-1,-6,-10,0,6,Pistons,0022300140,L
179,22,25,13,26,8,6,1,13,0,2,1,6,10,0,-6,Suns,0022300140,W
180,14,33,13,27,8,9,0,19,0,-6,7,0,-3,2,-1,Warriors,0022300142,L
181,20,26,13,30,6,10,0,16,0,6,-7,0,3,-2,1,Cavaliers,0022300142,W
182,29,21,14,26,5,17,0,13,0,9,-3,-8,10,1,8,Pacers,0022300146,W
183,20,24,22,16,4,9,0,13,0,-9,3,8,-10,-1,-8,Spurs,0022300146,L
184,19,19,4,25,14,10,0,13,0,-6,-9,-4,4,10,3,Jazz,0022300152,L
185,25,28,8,21,4,7,1,12,0,6,9,4,-4,-10,-3,Bulls,0022300152,W
186,28,19,6,19,3,5,0,12,0,4,-7,-2,-4,-1,-1,Pelicans,0022300156,L
187,24,26,8,23,4,6,0,12,0,-4,7,2,4,1,1,Nuggets,0022300156,W
188,21,26,11,21,9,11,0,10,0,-6,4,-2,-3,4,2,Wizards,0022300148,L
189,27,22,13,24,5,9,1,7,0,6,-4,2,3,-4,-2,76ers,0022300148,W
190,19,29,15,27,8,11,2,13,0,-1,5,6,6,-4,-2,Celtics,0022300154,L
191,20,24,9,21,12,13,0,9,0,1,-5,-6,-6,4,2,Timberwolves,0022300154,W
192,15,25,9,24,11,6,0,10,0,-3,5,4,5,1,0,Knicks,0022300151,W
193,18,20,5,19,10,6,0,14,0,3,-5,-4,-5,-1,0,Clippers,0022300151,L
194,24,27,7,21,4,5,0,11,0,-3,4,4,-2,0,-1,Bucks,0022300149,W
195,27,23,3,23,4,6,0,11,0,3,-4,-4,2,0,1,Nets,0022300149,L
196,20,27,10,29,6,9,1,15,0,4,-12,-5,-8,0,4,Thunder,0022300155,W
197,16,39,15,37,6,5,1,10,0,-4,12,5,8,0,-4,Hawks,0022300155,L
198,17,22,7,18,7,4,1,13,0,-7,-5,3,-7,1,-2,Pistons,0022300145,L
199,24,27,4,25,6,6,0,11,0,7,5,-3,7,-1,2,Warriors,0022300145,W
200,20,15,22,21,3,7,1,11,0,4,-12,18,3,-4,-10,Rockets,0022300153,W
201,16,27,4,18,7,17,0,14,0,-4,12,-18,-3,4,10,Kings,0022300153,L
202,19,19,12,10,10,12,0,12,0,-7,1,3,-10,-2,1,Mavericks,0022300147,W
203,26,18,9,20,12,11,0,10,0,7,-1,-3,10,2,-1,Magic,0022300147,L
204,24,22,7,21,4,9,0,11,0,0,3,-1,1,-3,0,Heat,0022300150,W
205,24,19,8,20,7,9,0,11,0,0,-3,1,-1,3,0,Lakers,0022300150,L
206,19,23,13,23,7,8,0,11,0,-1,-1,0,5,3,-2,Suns,0022300162,W
207,20,24,13,18,4,10,0,11,0,1,1,0,-5,-3,2,Bulls,0022300162,L
208,24,25,12,21,7,6,0,13,0,-1,2,7,-3,-4,-5,Pacers,0022300158,W
209,25,23,5,24,11,11,1,13,0,1,-2,-7,3,4,5,Jazz,0022300158,L
210,27,28,4,25,6,9,0,12,0,6,7,-3,3,-5,3,Raptors,0022300168,W
211,21,21,7,22,11,6,0,12,0,-6,-7,3,-3,5,-3,Mavericks,0022300168,L
212,17,21,17,23,9,9,0,12,0,1,-9,9,2,1,-3,Heat,0022300164,W
213,16,30,8,21,8,12,0,14,0,-1,9,-9,-2,-1,3,Grizzlies,0022300164,L
214,26,21,12,18,4,10,0,16,0,5,3,-7,-2,-7,0,Thunder,0022300167,W
215,21,18,19,20,11,10,1,12,0,-5,-3,7,2,7,0,Cavaliers,0022300167,L
216,25,27,9,25,2,3,0,10,0,3,5,6,5,-6,-6,Knicks,0022300161,W
217,22,22,3,20,8,9,0,12,0,-3,-5,-6,-5,6,6,Spurs,0022300161,L
218,27,21,9,26,6,15,0,16,0,11,-2,-7,9,-1,7,Rockets,0022300163,W
219,16,23,16,17,7,8,0,14,0,-11,2,7,-9,1,-7,Lakers,0022300163,L
220,21,28,10,25,8,14,0,17,0,1,5,-11,5,4,0,Pistons,0022300165,L
221,20,23,21,20,4,14,0,12,0,-1,-5,11,-5,-4,0,Bucks,0022300165,W
222,19,30,7,28,6,6,0,11,0,1,1,3,2,-3,-2,Clippers,0022300160,L
223,18,29,4,26,9,8,1,13,0,-1,-1,-3,-2,3,2,Nets,0022300160,W
224,24,26,9,29,5,11,0,11,0,5,-2,-5,6,0,4,76ers,0022300159,W
225,19,28,14,23,5,7,1,12,0,-5,2,5,-6,0,-4,Celtics,0022300159,L
226,18,25,12,22,7,11,1,17,0,-5,2,1,-3,1,-1,Hornets,0022300157,L
227,23,23,11,25,6,12,1,12,0,5,-2,-1,3,-1,1,Wizards,0022300157,W
228,18,22,7,22,7,8,1,12,0,-2,-9,1,-5,6,0,Warriors,0022300169,L
229,20,31,6,27,1,8,1,12,0,2,9,-1,5,-6,0,Nuggets,0022300169,W
230,20,20,19,19,6,11,0,10,0,-2,-6,7,-4,-1,-4,Trail Blazers,0022300170,L
231,22,26,12,23,7,15,0,18,0,2,6,-7,4,1,4,Kings,0022300170,W
232,17,26,7,17,10,9,0,10,0,-10,9,2,-4,3,0,Pelicans,0022300166,L
233,27,17,5,21,7,9,1,9,0,10,-9,-2,4,-3,0,Timberwolves,0022300166,W
234,23,15,20,16,12,15,1,13,0,-1,-9,0,-8,0,2,Hawks,0022300172,W
235,24,24,20,24,12,13,1,14,0,1,9,0,8,0,-2,Magic,0022300172,L
236,23,20,12,19,7,10,1,14,0,1,-6,3,-3,3,-3,Bucks,0022300171,L
237,22,26,9,22,4,13,0,13,0,-1,6,-3,3,-3,3,Pacers,0022300171,W
238,27,22,13,26,5,12,0,16,0,12,1,-6,8,-4,-6,Mavericks,0022300014,W
239,15,21,19,18,9,18,1,13,0,-12,-1,6,-8,4,6,Clippers,0022300014,L
240,23,26,11,26,2,6,0,11,0,4,2,5,2,-3,-3,Celtics,0022300010,W
241,19,24,6,24,5,9,0,11,0,-4,-2,-5,-2,3,3,Nets,0022300010,L
242,22,27,8,22,4,6,0,12,0,-1,3,2,-7,-5,0,Spurs,0022300013,L
243,23,24,6,29,9,6,0,12,0,1,-3,-2,7,5,0,Timberwolves,0022300013,W
244,26,31,9,30,4,7,1,13,0,3,12,0,11,-2,-2,Hornets,0022300009,W
245,23,19,9,19,6,9,1,11,0,-3,-12,0,-11,2,2,Wizards,0022300009,L
246,21,24,10,29,8,16,1,14,0,8,-6,-12,8,4,6,Pistons,0022300008,L
247,13,30,22,21,4,10,0,10,0,-8,6,12,-8,-4,-6,76ers,0022300008,W
248,25,26,4,17,7,11,1,15,0,0,12,-11,3,1,6,Grizzlies,0022300012,L
249,25,14,15,14,6,5,1,10,0,0,-12,11,-3,-1,-6,Jazz,0022300012,W
250,19,27,10,22,5,12,2,13,0,1,8,-5,0,-4,3,Rockets,0022300011,W
251,18,19,15,22,9,9,0,13,0,-1,-8,5,0,4,-3,Pelicans,0022300011,L
252,21,24,14,18,6,12,0,12,0,-1,-2,-3,-14,-2,0,Lakers,0022300015,W
253,22,26,17,32,8,12,1,13,0,1,2,3,14,2,0,Suns,0022300015,L
254,18,29,6,23,9,7,0,13,0,-2,2,-4,-5,3,-3,Thunder,0022300016,L
255,20,27,10,28,6,10,0,12,0,2,-2,4,5,-3,3,Kings,0022300016,W
256,17,27,9,18,5,7,0,13,0,-5,9,2,-3,-3,-2,Raptors,0022300174,L
257,22,18,7,21,8,9,1,11,0,5,-9,-2,3,3,2,Celtics,0022300174,W
258,19,19,16,15,9,15,1,13,0,-2,-5,-5,-10,3,1,Bucks,0022300173,L
259,21,24,21,25,6,14,1,11,0,2,5,5,10,-3,-1,Magic,0022300173,W
260,22,23,21,23,2,12,1,14,0,5,-3,5,-3,-7,-4,Cavaliers,0022300176,W
261,17,26,16,26,9,16,1,15,0,-5,3,-5,3,7,4,Warriors,0022300176,L
262,25,23,8,17,3,5,0,12,0,7,-1,0,-9,-9,-1,Heat,0022300175,W
263,18,24,8,26,12,6,0,11,0,-7,1,0,9,9,1,Hawks,0022300175,L
264,19,34,5,38,9,8,0,15,0,4,4,-4,18,4,3,Nets,0022300178,W
265,15,30,9,20,5,5,0,10,0,-4,-4,4,-18,-4,-3,Wizards,0022300178,L
266,19,20,13,22,9,8,2,14,0,0,-10,1,-6,1,-8,Timberwolves,0022300186,W
267,19,30,12,28,8,16,0,16,0,0,10,-1,6,-1,8,Warriors,0022300186,L
268,25,27,10,21,4,11,0,15,0,6,2,-5,-8,-7,1,Mavericks,0022300183,W
269,19,25,15,29,11,10,0,14,0,-6,-2,5,8,7,-1,Pelicans,0022300183,L
270,21,20,16,27,8,7,0,12,0,0,-5,7,14,7,-4,Suns,0022300185,L
271,21,25,9,13,1,11,0,11,0,0,5,-7,-14,-7,4,Thunder,0022300185,W
272,20,29,4,21,8,12,0,15,0,3,6,-8,-4,-2,3,Grizzlies,0022300179,W
273,17,23,12,25,10,9,0,13,0,-3,-6,8,4,2,-3,Clippers,0022300179,L
274,17,28,14,28,4,4,1,11,0,-4,-2,8,-3,-2,-6,Heat,0022300184,W
275,21,30,6,31,6,10,0,14,0,4,2,-8,3,2,6,Spurs,0022300184,L
276,17,28,10,23,6,7,0,13,0,-4,2,4,-3,0,-1,Rockets,0022300182,W
277,21,26,6,26,6,8,1,11,0,4,-2,-4,3,0,1,Nuggets,0022300182,L
278,22,23,15,21,5,8,2,9,0,0,1,7,3,-2,-4,Lakers,0022300187,W
279,22,22,8,18,7,12,0,9,0,0,-1,-7,-3,2,4,Trail Blazers,0022300187,L
280,26,23,14,24,7,9,0,9,0,3,2,3,10,1,0,76ers,0022300180,W
281,23,21,11,14,6,9,2,12,0,-3,-2,-3,-10,-1,0,Pacers,0022300180,L
282,18,28,9,30,10,10,1,13,0,-3,-3,1,6,7,1,Pistons,0022300181,L
283,21,31,8,24,3,9,1,11,0,3,3,-1,-6,-7,-1,Bulls,0022300181,W
284,26,24,7,18,2,7,0,10,0,3,5,2,1,-5,-6,Knicks,0022300177,W
285,23,19,5,17,7,13,0,16,0,-3,-5,-2,-1,5,6,Hornets,0022300177,L
286,21,21,4,20,4,6,0,8,0,0,-6,1,-2,2,-1,Celtics,0022300188,W
287,21,27,3,22,2,7,0,7,0,0,6,-1,2,-2,1,Knicks,0022300188,L
288,26,16,12,17,5,8,0,14,0,4,-4,2,-1,-2,-1,Kings,0022300191,W
289,22,20,10,18,7,9,1,16,0,-4,4,-2,1,2,1,Cavaliers,0022300191,L
290,25,15,9,21,11,8,1,9,0,6,-13,1,1,4,-1,Wizards,0022300189,L
291,19,28,8,20,7,9,0,11,0,-6,13,-1,-1,-4,1,Raptors,0022300189,W
292,21,22,9,29,11,10,0,12,0,4,-8,2,12,7,0,Bucks,0022300190,W
293,17,30,7,17,4,10,0,14,0,-4,8,-2,-12,-7,0,Bulls,0022300190,L
294,23,22,7,20,5,9,0,11,0,5,-1,0,-6,-7,2,Heat,0022300017,W
295,18,23,7,26,12,7,1,14,0,-5,1,0,6,7,-2,Hornets,0022300017,L
296,19,33,3,17,6,9,2,12,0,-6,13,-12,-11,-1,2,Grizzlies,0022300026,L
297,25,20,15,28,7,7,1,11,0,6,-13,12,11,1,-2,Lakers,0022300026,W
298,22,21,11,20,4,8,2,9,0,5,-5,-3,-4,-3,-1,Nuggets,0022300024,W
299,17,26,14,24,7,9,0,9,0,-5,5,3,4,3,1,Clippers,0022300024,L
300,22,24,8,24,9,11,0,15,2,3,2,-3,5,0,0,Warriors,0022300025,L
301,19,22,11,19,9,11,1,14,1,-3,-2,3,-5,0,0,Timberwolves,0022300025,W
302,22,25,12,16,5,7,0,14,0,1,-1,10,-7,-7,-2,Thunder,0022300021,W
303,21,26,2,23,12,9,1,13,0,-1,1,-10,7,7,2,Spurs,0022300021,L
304,21,24,10,22,8,11,0,12,0,1,6,-4,3,2,5,Nets,0022300020,W
305,20,18,14,19,6,6,0,11,0,-1,-6,4,-3,-2,-5,Magic,0022300020,L
306,22,21,8,23,12,11,1,11,0,-2,-8,-5,0,8,4,Trail Blazers,0022300023,L
307,24,29,13,23,4,7,1,10,0,2,8,5,0,-8,-4,Jazz,0022300023,W
308,25,22,14,19,5,8,0,13,0,7,-8,2,-6,-5,0,Pelicans,0022300022,W
309,18,30,12,25,10,8,0,15,0,-7,8,-2,6,5,0,Mavericks,0022300022,L
310,25,18,7,21,8,12,1,12,0,1,-5,-8,0,2,5,Hawks,0022300018,W
311,24,23,15,21,6,7,1,13,0,-1,5,8,0,-2,-5,Pistons,0022300018,L
312,18,25,16,22,8,9,0,10,0,-6,1,8,1,2,-7,76ers,0022300019,L
313,24,24,8,21,6,16,0,17,0,6,-1,-8,-1,-2,7,Pacers,0022300019,W
314,22,23,7,20,6,7,1,8,0,0,1,-1,-1,-1,1,76ers,0022300194,L
315,22,22,8,21,7,6,0,12,0,0,-1,1,1,1,-1,Celtics,0022300194,W
316,29,24,6,27,7,8,0,16,0,7,1,-5,8,-1,2,Kings,0022300198,W
317,22,23,11,19,8,6,0,10,0,-7,-1,5,-8,1,-2,Lakers,0022300198,L
318,25,28,1,22,6,8,0,10,0,3,12,-6,7,0,0,Knicks,0022300193,W
319,22,16,7,15,6,8,0,12,0,-3,-12,6,-7,0,0,Hawks,0022300193,L
320,17,26,13,21,7,13,1,12,0,-8,4,-3,-5,2,4,Wizards,0022300192,L
321,25,22,16,26,5,9,0,11,0,8,-4,3,5,-2,-4,Mavericks,0022300192,W
322,11,30,10,30,13,13,0,11,0,-5,1,-8,3,8,4,Bulls,0022300196,L
323,16,29,18,27,5,9,1,10,0,5,-1,8,-3,-8,-4,Magic,0022300196,W
324,20,18,14,24,8,10,0,16,0,3,-12,6,8,2,-2,Cavaliers,0022300199,W
325,17,30,8,16,6,12,0,16,0,-3,12,-6,-8,-2,2,Trail Blazers,0022300199,L
326,18,22,15,16,5,9,1,10,0,-11,5,6,-1,2,1,Timberwolves,0022300197,L
327,29,17,9,17,3,8,0,13,0,11,-5,-6,1,-2,-1,Suns,0022300197,W
328,23,20,15,24,8,10,0,12,0,5,-4,7,5,-4,-3,Bucks,0022300195,W
329,18,24,8,19,12,13,0,11,0,-5,4,-7,-5,4,3,Raptors,0022300195,L
330,24,23,12,22,7,12,1,16,0,1,-4,3,-2,-2,1,Thunder,0022300201,W
331,23,27,9,24,9,11,0,13,0,-1,4,-3,2,2,-1,Warriors,0022300201,L
332,18,23,11,19,7,12,0,15,0,-2,0,-1,-2,3,3,Nets,0022300200,L
333,20,23,12,21,4,9,0,13,0,2,0,1,2,-3,-3,Heat,0022300200,W
334,25,25,7,27,4,5,1,10,0,5,-1,3,9,-2,-1,Celtics,0022300031,W
335,20,26,4,18,6,6,0,13,0,-5,1,-3,-9,2,1,Raptors,0022300031,L
336,24,28,6,22,7,8,1,19,0,0,9,2,4,-1,-2,Spurs,0022300032,L
337,24,19,4,18,8,10,0,10,0,0,-9,-2,-4,1,2,Kings,0022300032,W
338,25,20,16,17,4,10,0,16,0,-1,0,0,-2,2,-1,Suns,0022300035,W
339,26,20,16,19,2,11,0,11,0,1,0,0,2,-2,1,Jazz,0022300035,L
340,11,25,10,19,11,10,0,11,0,-8,4,2,-5,4,0,Bulls,0022300033,L
341,19,21,8,24,7,10,1,12,0,8,-4,-2,5,-4,0,Magic,0022300033,W
342,25,20,5,16,6,2,0,8,0,4,-4,2,-10,-7,-6,Cavaliers,0022300030,W
343,21,24,3,26,13,8,0,15,0,-4,4,-2,10,7,6,Pistons,0022300030,L
344,25,22,9,25,5,7,0,8,0,4,3,3,12,-4,-1,Knicks,0022300028,W
345,21,19,6,13,9,8,1,10,0,-4,-3,-3,-12,4,1,Wizards,0022300028,L
346,20,25,13,24,6,9,0,11,0,1,-1,1,2,-1,0,Hawks,0022300029,L
347,19,26,12,22,7,9,0,11,0,-1,1,-1,-2,1,0,76ers,0022300029,W
348,20,29,6,21,4,17,0,12,0,5,9,-13,-5,-5,9,Rockets,0022300037,L
349,15,20,19,26,9,8,1,12,0,-5,-9,13,5,5,-9,Clippers,0022300037,W
350,23,23,7,23,6,10,0,9,0,1,-2,-2,-1,1,4,Bucks,0022300027,W
351,22,25,9,24,5,6,2,15,0,-1,2,2,1,-1,-4,Hornets,0022300027,L
352,24,23,5,20,9,11,1,13,0,-4,5,-6,2,3,5,Nuggets,0022300034,L
353,28,18,11,18,6,6,0,18,0,4,-5,6,-2,-3,-5,Pelicans,0022300034,W
354,23,21,12,23,7,8,0,10,0,2,-8,5,-5,-3,-1,Lakers,0022300036,W
355,21,29,7,28,10,9,0,9,0,-2,8,-5,5,3,1,Trail Blazers,0022300036,L
356,24,19,8,14,7,12,0,14,0,2,-1,-5,-9,-3,1,Timberwolves,0022300203,W
357,22,20,13,23,10,11,1,15,0,-2,1,5,9,3,-1,Pelicans,0022300203,L
358,20,27,9,20,7,10,1,12,0,-1,6,-6,-5,-1,0,Thunder,0022300207,W
359,21,21,15,25,8,10,0,14,0,1,-6,6,5,1,0,Warriors,0022300207,L
360,18,23,12,17,10,21,0,14,0,-2,3,-11,-6,5,9,Grizzlies,0022300206,W
361,20,20,23,23,5,12,0,13,0,2,-3,11,6,-5,-9,Spurs,0022300206,L
362,24,25,5,22,4,7,0,10,0,0,-4,3,-5,-3,2,Bucks,0022300205,W
363,24,29,2,27,7,5,0,15,0,0,4,-3,5,3,-2,Mavericks,0022300205,L
364,22,29,10,27,4,8,0,9,0,3,5,2,4,-2,-4,Knicks,0022300202,W
365,19,24,8,23,6,12,0,13,0,-3,-5,-2,-4,2,4,Hornets,0022300202,L
366,16,25,15,21,7,9,0,14,0,3,-1,2,-1,1,-5,Heat,0022300204,L
367,13,26,13,22,6,14,0,11,0,-3,1,-2,1,-1,5,Bulls,0022300204,W
368,24,23,4,20,5,13,0,14,0,1,0,-12,-6,0,8,Nuggets,0022300210,L
369,23,23,16,26,5,5,0,13,0,-1,0,12,6,0,-8,Cavaliers,0022300210,W
370,21,20,13,22,7,9,0,10,0,2,-11,6,1,4,-2,Celtics,0022300213,W
371,19,31,7,21,3,11,1,15,0,-2,11,-6,-1,-4,2,Grizzlies,0022300213,L
372,20,26,6,22,7,9,0,15,0,-1,3,0,0,-1,1,Lakers,0022300216,W
373,21,23,6,22,8,8,0,17,0,1,-3,0,0,1,-1,Rockets,0022300216,L
374,30,21,19,24,2,10,1,12,0,15,-7,6,8,-10,-5,Magic,0022300209,W
375,15,28,13,16,12,15,1,17,0,-15,7,-6,-8,10,5,Pacers,0022300209,L
376,19,25,8,27,5,5,0,15,0,-4,-1,1,3,4,-4,Nets,0022300208,L
377,23,26,7,24,1,9,1,9,0,4,1,-1,-3,-4,4,76ers,0022300208,W
378,25,19,13,19,5,12,0,14,0,3,-1,-2,0,-1,0,Kings,0022300212,W
379,22,20,15,19,6,12,0,13,0,-3,1,2,0,1,0,Mavericks,0022300212,L
380,16,26,13,13,10,10,0,12,0,-12,15,4,-7,1,0,Trail Blazers,0022300215,L
381,28,11,9,20,9,10,0,14,0,12,-15,-4,7,-1,0,Thunder,0022300215,W
382,28,24,9,24,4,8,0,12,0,11,-3,-3,4,-4,0,Raptors,0022300211,W
383,17,27,12,20,8,8,0,14,0,-11,3,3,-4,4,0,Pistons,0022300211,L
384,25,22,7,23,10,8,0,12,0,2,-8,-2,-2,2,-1,Suns,0022300214,W
385,23,30,9,25,8,9,1,10,0,-2,8,2,2,-2,1,Jazz,0022300214,L
386,22,24,6,22,4,8,0,14,0,0,1,-11,-3,2,4,Spurs,0022300223,L
387,22,23,17,25,2,4,1,11,0,0,-1,11,3,-2,-4,Clippers,0022300223,W
388,21,21,11,15,5,12,1,14,0,-1,2,0,-7,-1,2,Pistons,0022300218,L
389,22,19,11,22,6,10,2,15,1,1,-2,0,7,1,-2,Nuggets,0022300218,W
390,23,18,15,22,8,9,0,9,0,4,-9,5,1,2,-1,Celtics,0022300217,L
391,19,27,10,21,6,10,1,13,0,-4,9,-5,-1,-2,1,Hornets,0022300217,W
392,22,18,11,19,4,9,0,13,0,2,-10,4,-4,0,-2,Warriors,0022300224,W
393,20,28,7,23,4,11,0,10,0,-2,10,-4,4,0,2,Rockets,0022300224,L
394,26,19,11,28,5,8,1,17,0,8,-10,-2,10,1,-3,Pelicans,0022300222,W
395,18,29,13,18,4,11,1,15,0,-8,10,2,-10,-1,3,Kings,0022300222,L
396,29,24,2,15,0,7,0,10,0,1,5,-7,-10,-5,3,Wizards,0022300219,L
397,28,19,9,25,5,4,0,11,0,-1,-5,7,10,5,-3,Bucks,0022300219,W
398,24,18,11,17,2,9,0,10,0,5,-1,2,-1,-3,0,Heat,0022300220,W
399,19,19,9,18,5,9,0,11,0,-5,1,-2,1,3,0,Bulls,0022300220,L
400,20,33,12,27,3,11,1,10,0,-1,14,-3,6,-5,0,Knicks,0022300221,L
401,21,19,15,21,8,11,0,11,0,1,-14,3,-6,5,0,Timberwolves,0022300221,W
402,27,19,11,25,4,10,0,16,0,8,-6,-3,7,-2,0,Cavaliers,0022300040,W
403,19,25,14,18,6,10,0,9,0,-8,6,3,-7,2,0,76ers,0022300040,L
404,25,23,20,17,7,11,0,14,0,-8,3,8,-5,0,-3,Pacers,0022300039,W
405,33,20,12,22,7,14,0,10,0,8,-3,-8,5,0,3,Hawks,0022300039,L
406,22,19,6,18,8,10,1,11,0,-6,-3,1,1,4,2,Raptors,0022300038,L
407,28,22,5,17,4,8,0,8,0,6,3,-1,-1,-4,-2,Magic,0022300038,W
408,20,25,4,17,9,12,0,13,0,1,8,-12,-1,1,3,Trail Blazers,0022300041,L
409,19,17,16,18,8,9,0,15,0,-1,-8,12,1,-1,-3,Suns,0022300041,W
410,22,20,17,28,7,7,0,11,0,6,-12,9,4,-2,-6,Lakers,0022300042,W
411,16,32,8,24,9,13,0,10,0,-6,12,-9,-4,2,6,Jazz,0022300042,L
412,16,24,11,18,9,16,0,17,0,-5,-1,-13,-7,6,5,Kings,0022300233,L
413,21,25,24,25,3,11,0,14,0,5,1,13,7,-6,-5,Pelicans,0022300233,W
414,24,21,7,12,6,8,2,13,0,-3,5,-1,-8,-3,2,Pacers,0022300230,L
415,27,16,8,20,9,6,0,11,0,3,-5,1,8,3,-2,Raptors,0022300230,W
416,24,30,11,29,8,12,0,9,0,-3,3,0,3,3,4,Nets,0022300227,L
417,27,27,11,26,5,8,0,12,0,3,-3,0,-3,-3,-4,Hawks,0022300227,W
418,25,18,6,21,6,7,0,10,0,4,-12,-1,-1,1,0,Celtics,0022300228,W
419,21,30,7,22,5,7,0,11,0,-4,12,1,1,-1,0,Bucks,0022300228,L
420,20,24,7,30,7,6,0,14,0,7,-7,3,10,3,0,Thunder,0022300234,W
421,13,31,4,20,4,6,2,11,0,-7,7,-3,-10,-3,0,Bulls,0022300234,L
422,23,20,9,21,5,10,0,15,0,2,-1,-3,4,2,1,Nuggets,0022300226,L
423,21,21,12,17,3,9,1,11,0,-2,1,3,-4,-2,-1,Magic,0022300226,W
424,16,26,17,25,8,12,0,14,0,-6,-1,6,3,5,2,76ers,0022300232,L
425,22,27,11,22,3,10,1,10,0,6,1,-6,-3,-5,-2,Timberwolves,0022300232,W
426,24,27,6,27,2,9,1,13,0,7,1,-5,2,-4,3,Mavericks,0022300238,W
427,17,26,11,25,6,6,1,13,0,-7,-1,5,-2,4,-3,Lakers,0022300238,L
428,19,22,27,22,5,12,0,19,0,4,0,13,2,-6,-7,Suns,0022300236,W
429,15,22,14,20,11,19,1,17,1,-4,0,-13,-2,6,7,Warriors,0022300236,L
430,19,24,5,21,6,9,1,11,0,-1,-2,-5,-4,1,4,Hornets,0022300225,W
431,20,26,10,25,5,5,1,10,0,1,2,5,4,-1,-4,Wizards,0022300225,L
432,20,15,10,18,13,10,0,15,0,-4,-6,-2,3,9,-3,Cavaliers,0022300229,L
433,24,21,12,15,4,13,0,11,0,4,6,2,-3,-9,3,Heat,0022300229,W
434,18,19,17,23,11,13,2,12,0,3,-10,2,2,4,0,Clippers,0022300235,W
435,15,29,15,21,7,13,0,12,0,-3,10,-2,-2,-4,0,Spurs,0022300235,L
436,14,18,21,18,7,8,1,12,0,-2,-10,12,-1,2,-5,Grizzlies,0022300231,L
437,16,28,9,19,5,13,0,11,0,2,10,-12,1,-2,5,Rockets,0022300231,W
438,26,25,6,22,6,9,0,11,0,9,7,-3,3,-8,2,Trail Blazers,0022300237,W
439,17,18,9,19,14,7,0,11,0,-9,-7,3,-3,8,-2,Jazz,0022300237,L
440,19,27,8,19,4,9,0,12,0,-1,8,-2,-4,-5,3,Heat,0022300045,L
441,20,19,10,23,9,6,0,9,0,1,-8,2,4,5,-3,Knicks,0022300045,W
442,21,19,12,20,9,13,0,11,0,4,-7,-1,-3,-1,-1,Celtics,0022300043,L
443,17,26,13,23,10,14,0,11,0,-4,7,1,3,1,1,Magic,0022300043,W
444,22,23,7,16,4,9,0,12,0,0,2,0,-7,-4,0,Clippers,0022300052,L
445,22,21,7,23,8,9,0,13,0,0,-2,0,7,4,0,Pelicans,0022300052,W
446,18,22,10,17,6,11,0,11,0,-6,5,1,-5,-3,2,Bulls,0022300046,L
447,24,17,9,22,9,9,0,12,0,6,-5,-1,5,3,-2,Raptors,0022300046,W
448,15,33,10,25,9,6,0,13,0,-7,13,0,3,6,-1,Nuggets,0022300048,L
449,22,20,10,22,3,7,0,11,0,7,-13,0,-3,-6,1,Rockets,0022300048,W
450,22,29,10,26,4,7,0,9,0,-3,8,2,3,-2,-5,Wizards,0022300049,L
451,25,21,8,23,6,12,0,11,0,3,-8,-2,-3,2,5,Bucks,0022300049,W
452,22,19,17,22,4,8,0,11,0,3,-4,9,2,-1,-6,Suns,0022300044,W
453,19,23,8,20,5,14,1,11,0,-3,4,-9,-2,1,6,Grizzlies,0022300044,L
454,21,26,11,13,4,10,1,12,0,-3,0,-1,-15,-2,2,Pacers,0022300047,W
455,24,26,12,28,6,8,0,13,0,3,0,1,15,2,-2,Pistons,0022300047,L
456,22,25,8,23,9,10,0,13,0,1,-2,2,0,1,5,Warriors,0022300051,W
457,21,27,6,23,8,5,0,11,0,-1,2,-2,0,-1,-5,Spurs,0022300051,L
458,22,19,17,17,7,5,0,9,0,-5,-2,15,-1,-1,-8,Timberwolves,0022300050,L
459,27,21,2,18,8,13,1,13,0,5,2,-15,1,1,8,Kings,0022300050,W
460,21,24,19,25,7,13,0,14,0,-2,-2,11,9,5,1,76ers,0022300239,W
461,23,26,8,16,2,12,0,14,0,2,2,-11,-9,-5,-1,Thunder,0022300239,L
462,19,29,15,26,8,8,1,15,0,4,0,6,-2,-7,-1,Pelicans,0022300243,L
463,15,29,9,28,15,9,0,10,0,-4,0,-6,2,7,1,Jazz,0022300243,W
464,25,22,17,19,5,7,0,12,0,-3,4,7,0,-4,-2,Cavaliers,0022300242,L
465,28,18,10,19,9,9,0,10,0,3,-4,-7,0,4,2,Lakers,0022300242,W
466,17,29,10,17,1,13,0,13,0,-3,4,-8,-13,-2,3,Mavericks,0022300244,L
467,20,25,18,30,3,10,1,12,0,3,-4,8,13,2,-3,Clippers,0022300244,W
468,20,20,14,20,6,9,0,16,0,1,-3,7,-1,-5,1,Nets,0022300240,W
469,19,23,7,21,11,8,0,11,0,-1,3,-7,1,5,-1,Heat,0022300240,L
470,27,28,9,24,2,6,0,11,0,5,8,3,3,-10,-2,Hawks,0022300241,W
471,22,20,6,21,12,8,0,11,0,-5,-8,-3,-3,10,2,Wizards,0022300241,L
472,22,28,16,31,6,10,0,12,0,1,6,5,14,2,-1,Suns,0022300247,W
473,21,22,11,17,4,11,0,10,0,-1,-6,-5,-14,-2,1,Knicks,0022300247,L
474,26,29,10,32,4,6,0,11,0,7,1,2,10,-3,-4,Celtics,0022300246,W
475,19,28,8,22,7,10,0,13,0,-7,-1,-2,-10,3,4,Hawks,0022300246,L
476,17,20,16,19,7,8,0,10,0,-5,-4,13,-3,2,-2,Bulls,0022300250,L
477,22,24,3,22,5,10,0,8,0,5,4,-13,3,-2,2,Nets,0022300250,W
478,21,17,14,21,6,16,0,10,0,6,-12,-3,8,1,7,Timberwolves,0022300249,W
479,15,29,17,13,5,9,0,11,0,-6,12,3,-8,-1,-7,Grizzlies,0022300249,L
480,19,26,1,21,9,5,0,12,0,-2,0,-7,-6,3,2,Cavaliers,0022300251,W
481,21,26,8,27,6,3,0,11,0,2,0,7,6,-3,-2,Raptors,0022300251,L
482,25,17,3,17,9,9,0,16,0,1,-4,-8,-3,1,1,Hornets,0022300248,L
483,24,21,11,20,8,8,0,12,0,-1,4,8,3,-1,-1,Magic,0022300248,W
484,19,27,10,23,10,10,1,12,0,-6,4,-1,2,1,0,Bucks,0022300245,W
485,25,23,11,21,9,10,1,11,0,6,-4,1,-2,-1,0,Trail Blazers,0022300245,L
486,25,15,18,20,12,14,0,12,0,5,-11,6,2,1,0,Nuggets,0022300252,W
487,20,26,12,18,11,14,1,17,0,-5,11,-6,-2,-1,0,Spurs,0022300252,L
488,21,27,12,25,5,10,0,10,0,-3,4,1,-2,-3,-1,Clippers,0022300257,L
489,24,23,11,27,8,11,0,12,0,3,-4,-1,2,3,1,Nuggets,0022300257,W
490,19,26,12,20,4,9,0,10,0,-4,4,4,-4,-1,-1,Jazz,0022300256,W
491,23,22,8,24,5,10,0,12,0,4,-4,-4,4,1,1,Pelicans,0022300256,L
492,23,27,7,26,7,11,0,12,0,3,5,-5,6,-3,3,Pistons,0022300253,L
493,20,22,12,20,10,8,1,11,0,-3,-5,5,-6,3,-3,Wizards,0022300253,W
494,24,25,8,18,0,8,0,10,0,0,8,4,2,-6,1,76ers,0022300255,W
495,24,17,4,16,6,7,0,9,0,0,-8,-4,-2,6,-1,Lakers,0022300255,L
496,22,18,13,19,7,12,1,17,0,-1,-4,-2,1,3,3,Pacers,0022300254,L
497,23,22,15,18,4,9,1,10,0,1,4,2,-1,-3,-3,Trail Blazers,0022300254,W
498,22,24,13,24,4,13,0,13,0,-2,0,-2,4,2,4,Bucks,0022300056,W
499,24,24,15,20,2,9,1,11,0,2,0,2,-4,-2,-4,Heat,0022300056,L
500,20,26,12,18,6,9,0,15,0,-5,5,2,-11,-5,-1,Kings,0022300060,W
501,25,21,10,29,11,10,0,16,0,5,-5,-2,11,5,1,Warriors,0022300060,L
502,26,14,5,23,9,7,0,12,0,5,-14,2,8,6,2,Celtics,0022300053,W
503,21,28,3,15,3,5,0,15,0,-5,14,-2,-8,-6,-2,Bulls,0022300053,L
504,18,28,2,23,9,7,0,14,0,1,6,-11,-2,1,3,Hornets,0022300057,L
505,17,22,13,25,8,4,0,10,0,-1,-6,11,2,-1,-3,Knicks,0022300057,W
506,21,29,12,23,6,9,0,14,0,-4,8,2,-3,-4,0,Hawks,0022300055,L
507,25,21,10,26,10,9,0,14,0,4,-8,-2,3,4,0,Cavaliers,0022300055,W
508,19,25,10,18,5,13,1,15,0,0,5,-3,-1,-2,0,Mavericks,0022300059,W
509,19,20,13,19,7,13,0,10,0,0,-5,3,1,2,0,Rockets,0022300059,L
510,22,19,15,18,6,10,0,12,0,5,-7,3,-4,-4,-1,Thunder,0022300058,L
511,17,26,12,22,10,11,0,11,0,-5,7,-3,4,4,1,Timberwolves,0022300058,W
512,18,32,5,25,5,5,0,11,0,-5,7,2,-5,-1,-1,Raptors,0022300054,L
513,23,25,3,30,6,6,1,9,0,5,-7,-2,5,1,1,Nets,0022300054,W
514,23,22,14,24,7,9,1,9,0,2,-1,2,8,2,-1,Magic,0022300259,W
515,21,23,12,16,5,10,0,8,0,-2,1,-2,-8,-2,1,Wizards,0022300259,L
516,17,29,12,27,8,9,0,18,0,-10,4,2,2,7,1,Kings,0022300264,L
517,27,25,10,25,1,8,1,9,0,10,-4,-2,-2,-7,-1,Clippers,0022300264,W
518,19,33,3,21,7,14,1,12,0,-5,11,-10,-6,1,10,Pistons,0022300258,L
519,24,22,13,27,6,4,2,12,0,5,-11,10,6,-1,-10,Lakers,0022300258,W
520,18,26,15,23,6,8,1,13,0,-5,3,5,1,2,-1,Suns,0022300260,L
521,23,23,10,22,4,9,1,11,0,5,-3,-5,-1,-2,1,Raptors,0022300260,W
522,14,30,7,23,10,7,0,10,0,-12,10,5,-1,6,-2,Jazz,0022300261,L
523,26,20,2,24,4,9,0,9,0,12,-10,-5,1,-6,2,Grizzlies,0022300261,W
524,24,24,3,16,4,7,0,11,0,-6,1,-5,-6,2,1,Rockets,0022300263,L
525,30,23,8,22,2,6,0,12,0,6,-1,5,6,-2,-1,Nuggets,0022300263,W
526,24,17,16,22,8,11,1,14,0,7,-5,6,9,-6,-1,Pelicans,0022300262,W
527,17,22,10,13,14,12,0,18,0,-7,5,-6,-9,6,1,76ers,0022300262,L
528,17,27,10,29,13,10,0,15,0,-4,4,0,10,7,0,Bulls,0022300269,W
529,21,23,10,19,6,10,0,10,0,4,-4,0,-10,-7,0,Bucks,0022300269,L
530,23,20,18,15,7,13,0,15,0,-4,3,3,-4,0,1,Heat,0022300267,W
531,27,17,15,19,7,12,0,17,0,4,-3,-3,4,0,-1,Pacers,0022300267,L
532,21,26,13,20,6,12,0,13,0,-4,5,-5,-8,-1,3,Lakers,0022300271,L
533,25,21,18,28,7,9,0,16,0,4,-5,5,8,1,-3,Thunder,0022300271,W
534,19,28,5,20,4,9,1,10,0,2,1,-3,-9,-5,0,Timberwolves,0022300270,W
535,17,27,8,29,9,9,0,13,0,-2,-1,3,9,5,0,Jazz,0022300270,L
536,26,21,10,24,7,10,2,13,0,-2,1,-2,6,2,2,Hornets,0022300266,W
537,28,20,12,18,5,8,0,10,0,2,-1,2,-6,-2,-2,Nets,0022300266,L
538,17,21,2,22,15,6,0,10,0,-4,-4,1,2,5,0,Trail Blazers,0022300265,W
539,21,25,1,20,10,6,0,10,0,4,4,-1,-2,-5,0,Cavaliers,0022300265,L
540,18,27,14,22,8,6,0,9,0,-3,5,9,-5,-6,-9,Knicks,0022300268,W
541,21,22,5,27,14,15,1,14,0,3,-5,-9,5,6,9,Pistons,0022300268,L
542,21,23,11,28,4,8,1,13,0,2,-5,-1,9,3,1,Warriors,0022300273,W
543,19,28,12,19,1,7,0,10,0,-2,5,1,-9,-3,-1,Clippers,0022300273,L
544,25,19,8,22,11,8,0,10,0,3,-9,-4,2,4,-4,Spurs,0022300272,L
545,22,28,12,20,7,12,0,15,0,-3,9,4,-2,-4,4,Hawks,0022300272,W
546,27,19,12,19,8,9,0,15,0,3,0,0,0,-3,-2,76ers,0022300275,L
547,24,19,12,19,11,11,1,10,0,-3,0,0,0,3,2,Celtics,0022300275,W
548,21,21,19,17,4,10,0,15,0,0,-2,5,-6,-3,-2,Pelicans,0022300278,W
549,21,23,14,23,7,12,0,14,0,0,2,-5,6,3,2,Spurs,0022300278,L
550,23,28,7,22,5,8,2,10,0,1,1,-6,-6,-1,-3,Knicks,0022300276,W
551,22,27,13,28,6,11,1,12,0,-1,-1,6,6,1,3,Raptors,0022300276,L
552,21,22,16,17,4,11,1,10,0,-2,0,8,-6,-5,-2,Wizards,0022300274,L
553,23,22,8,23,9,13,0,11,0,2,0,-8,6,5,2,Magic,0022300274,W
554,24,21,5,23,7,8,0,14,0,7,-10,0,0,-1,3,Grizzlies,0022300277,W
555,17,31,5,23,8,5,0,11,0,-7,10,0,0,1,-3,Mavericks,0022300277,L
556,31,15,1,14,4,10,2,11,0,7,-5,-8,-3,-2,5,Nuggets,0022300279,W
557,24,20,9,17,6,5,0,13,0,-7,5,8,3,2,-5,Suns,0022300279,L
558,26,21,12,17,4,11,0,15,0,2,-2,2,-3,-3,0,Pacers,0022300284,W
559,24,23,10,20,7,11,0,13,0,-2,2,-2,3,3,0,Heat,0022300284,L
560,27,20,5,22,8,10,0,10,0,3,-6,-6,3,3,4,Bucks,0022300286,W
561,24,26,11,19,5,6,0,12,0,-3,6,6,-3,-3,-4,Hawks,0022300286,L
562,15,29,11,20,7,9,0,11,0,-7,8,1,-7,-1,-2,Trail Blazers,0022300289,L
563,22,21,10,27,8,11,0,11,0,7,-8,-1,7,1,2,Jazz,0022300289,W
564,21,22,14,15,3,5,0,12,0,-3,4,6,-5,-6,-6,Hornets,0022300281,L
565,24,18,8,20,9,11,1,12,0,3,-4,-6,5,6,6,Timberwolves,0022300281,W
566,21,23,5,19,5,9,0,13,0,-3,5,-7,-2,1,3,Bulls,0022300285,W
567,24,18,12,21,4,6,3,14,0,3,-5,7,2,-1,-3,Pelicans,0022300285,L
568,19,25,13,20,8,9,1,13,0,0,-1,6,-4,-1,-3,Suns,0022300288,W
569,19,26,7,24,9,12,0,12,0,0,1,-6,4,1,3,Grizzlies,0022300288,L
570,25,25,20,34,4,17,0,14,0,11,-8,-3,14,1,3,Nets,0022300282,W
571,14,33,23,20,3,14,0,11,0,-11,8,3,-14,-1,-3,Magic,0022300282,L
572,26,23,5,25,5,9,2,13,0,4,-8,-5,3,1,5,Kings,0022300290,W
573,22,31,10,22,4,4,0,13,0,-4,8,5,-3,-1,-5,Nuggets,0022300290,L
574,19,24,8,27,8,9,1,13,0,-2,-1,-1,6,5,3,Pistons,0022300283,L
575,21,25,9,21,3,6,1,11,0,2,1,1,-6,-5,-3,Cavaliers,0022300283,W
576,22,21,14,23,4,7,2,10,0,4,-1,9,4,-4,-7,Lakers,0022300291,W
577,18,22,5,19,8,14,0,12,0,-4,1,-9,-4,4,7,Rockets,0022300291,L
578,20,28,3,18,5,10,1,10,0,-3,9,-7,-5,-1,6,Clippers,0022300280,W
579,23,19,10,23,6,4,0,12,0,3,-9,7,5,1,-6,Warriors,0022300280,L
580,17,24,24,25,8,12,2,9,0,-8,-5,13,-1,3,-3,Mavericks,0022300287,L
581,25,29,11,26,5,15,1,11,0,8,5,-13,1,-3,3,Thunder,0022300287,W
582,16,29,9,19,4,7,0,13,0,-8,0,7,-15,-3,-1,Pacers,0022301202,W
583,24,29,2,34,7,8,0,13,0,8,0,-7,15,3,1,Celtics,0022301202,L
584,20,21,16,20,10,12,0,18,0,-4,1,2,1,2,2,Kings,0022301204,L
585,24,20,14,19,8,10,0,12,0,4,-1,-2,-1,-2,-2,Pelicans,0022301204,W
586,17,20,11,22,13,11,0,12,0,-5,-13,-3,-2,9,0,Suns,0022301203,L
587,22,33,14,24,4,11,0,12,0,5,13,3,2,-9,0,Lakers,0022301203,W
588,26,19,18,18,7,9,0,11,0,-2,4,9,8,0,-4,Knicks,0022301201,L
589,28,15,9,10,7,13,1,12,0,2,-4,-9,-8,0,4,Bucks,0022301201,W
590,22,27,5,24,8,9,1,13,0,0,5,-8,3,3,3,Nuggets,0022301215,L
591,22,22,13,21,5,6,0,9,0,0,-5,8,-3,-3,-3,Clippers,0022301215,W
592,23,20,14,21,3,5,0,10,0,-2,-2,8,3,1,-7,Raptors,0022301207,L
593,25,22,6,18,2,12,0,11,0,2,2,-8,-3,-1,7,Heat,0022301207,W
594,19,24,6,18,9,9,0,10,0,-11,3,-2,-5,6,5,Jazz,0022301213,L
595,30,21,8,23,3,4,0,11,0,11,-3,2,5,-6,-5,Mavericks,0022301213,W
596,22,22,16,24,8,6,0,9,0,-6,-1,15,7,5,-4,76ers,0022301208,W
597,28,23,1,17,3,10,0,10,0,6,1,-15,-7,-5,4,Wizards,0022301208,L
598,24,22,9,26,8,15,0,14,0,6,2,-14,11,2,4,Cavaliers,0022301205,W
599,18,20,23,15,6,11,1,13,0,-6,-2,14,-11,-2,-4,Magic,0022301205,L
600,15,29,19,27,10,9,1,13,0,-4,-6,9,-2,5,-7,Warriors,0022301214,W
601,19,35,10,29,5,16,0,13,0,4,6,-9,2,-5,7,Trail Blazers,0022301214,L
602,18,32,12,29,8,13,0,12,0,-2,9,-2,6,1,2,Nets,0022301209,W
603,20,23,14,23,7,11,0,12,0,2,-9,2,-6,-1,-2,Hawks,0022301209,L
604,22,21,8,28,10,10,0,17,0,4,-7,-5,12,8,0,Rockets,0022301212,W
605,18,28,13,16,2,10,2,18,0,-4,7,5,-12,-8,0,Thunder,0022301212,L
606,22,31,8,24,3,9,0,13,0,6,8,-4,-1,-6,1,Spurs,0022301210,L
607,16,23,12,25,9,8,0,12,0,-6,-8,4,1,6,-1,Timberwolves,0022301210,W
608,22,25,7,21,9,4,0,13,0,-2,4,5,-2,-1,-4,Grizzlies,0022301206,W
609,24,21,2,23,10,8,0,9,0,2,-4,-5,2,1,4,Pistons,0022301206,L
610,18,28,6,24,6,7,0,12,0,0,2,-1,-4,-4,-1,Hornets,0022301211,L
611,18,26,7,28,10,8,1,15,0,0,-2,1,4,4,1,Bulls,0022301211,W
612,20,26,9,23,7,10,0,11,0,-5,1,-4,-1,4,3,Bucks,0022301229,L
613,25,25,13,24,3,7,0,11,0,5,-1,4,1,-4,-3,Pacers,0022301229,W
614,24,21,9,23,8,7,0,11,0,3,-5,-1,-1,0,-3,Lakers,0022301230,W
615,21,26,10,24,8,10,0,12,0,-3,5,1,1,0,3,Pelicans,0022301230,L
616,21,19,13,27,15,13,0,12,0,0,-4,0,12,11,1,Warriors,0022301222,L
617,21,23,13,15,4,12,0,14,0,0,4,0,-12,-11,-1,Thunder,0022301222,W
618,17,23,10,20,8,8,1,13,0,-6,3,-1,-1,3,1,Pistons,0022301217,L
619,23,20,11,21,5,7,0,10,0,6,-3,1,1,-3,-1,Magic,0022301217,W
620,18,24,12,21,7,6,1,11,0,-3,-9,6,-7,4,-4,Wizards,0022301219,L
621,21,33,6,28,3,10,0,12,0,3,9,-6,7,-4,4,Nets,0022301219,W
622,19,31,6,24,5,12,0,13,0,-3,11,-9,-3,-2,6,Kings,0022301228,W
623,22,20,15,27,7,6,0,11,0,3,-11,9,3,2,-6,Suns,0022301228,L
624,21,20,12,27,7,9,1,14,0,1,-13,0,1,2,-1,Spurs,0022301223,L
625,20,33,12,26,5,10,0,14,0,-1,13,0,-1,-2,1,Bulls,0022301223,W
626,28,20,10,17,4,10,0,10,0,5,0,-7,-2,-2,-1,Celtics,0022301227,W
627,23,20,17,19,6,11,0,9,0,-5,0,7,2,2,1,Knicks,0022301227,L
628,23,23,8,21,11,10,0,11,0,-2,7,0,7,2,3,Raptors,0022301216,L
629,25,16,8,14,9,7,0,12,0,2,-7,0,-7,-2,-3,Hornets,0022301216,W
630,20,23,11,17,4,13,1,13,0,0,-5,-4,-11,-1,5,Grizzlies,0022301221,L
631,20,28,15,28,5,8,0,11,0,0,5,4,11,1,-5,Timberwolves,0022301221,W
632,21,19,13,19,7,9,0,9,0,4,-11,4,0,0,0,Clippers,0022301225,W
633,17,30,9,19,7,9,1,11,0,-4,11,-4,0,0,0,Jazz,0022301225,L
634,26,18,16,19,9,15,0,14,0,6,-14,3,-3,2,0,Mavericks,0022301226,W
635,20,32,13,22,7,15,0,10,0,-6,14,-3,3,-2,0,Trail Blazers,0022301226,L
636,21,28,10,30,6,10,0,16,0,3,2,2,8,-3,0,Cavaliers,0022301220,W
637,18,26,8,22,9,10,0,11,0,-3,-2,-2,-8,3,0,Heat,0022301220,L
638,18,28,10,25,5,9,0,8,0,1,3,1,2,-2,0,Rockets,0022301224,W
639,17,25,9,23,7,9,1,10,0,-1,-3,-1,-2,2,0,Nuggets,0022301224,L
640,22,26,11,25,8,6,1,10,0,-3,-4,1,-1,4,-2,76ers,0022301218,W
641,25,30,10,26,4,8,0,14,0,3,4,-1,1,-4,2,Hawks,0022301218,L
642,17,25,10,22,6,6,0,11,0,-2,-2,3,-1,-2,-4,Nets,0022300303,L
643,19,27,7,23,8,10,1,17,0,2,2,-3,1,2,4,Kings,0022300303,W
644,26,26,9,24,5,12,0,9,0,9,0,-5,-3,-9,6,76ers,0022300295,W
645,17,26,14,27,14,6,0,11,0,-9,0,5,3,9,-6,Wizards,0022300295,L
646,28,19,3,15,2,12,0,9,0,6,-3,-14,-6,-4,6,Clippers,0022300304,W
647,22,22,17,21,6,6,1,9,0,-6,3,14,6,4,-6,Trail Blazers,0022300304,L
648,22,22,12,25,8,12,0,12,0,2,-4,1,2,2,2,Pelicans,0022300301,W
649,20,26,11,23,6,10,1,11,0,-2,4,-1,-2,-2,-2,Timberwolves,0022300301,L
650,26,19,11,19,1,9,0,10,0,1,-4,3,0,-1,0,Bucks,0022300300,W
651,25,23,8,19,2,9,1,13,0,-1,4,-3,0,1,0,Bulls,0022300300,L
652,24,23,8,22,7,8,0,12,0,4,-5,2,1,1,-3,Thunder,0022300302,W
653,20,28,6,21,6,11,0,12,0,-4,5,-2,-1,-1,3,Jazz,0022300302,L
654,18,27,10,27,8,11,0,13,0,2,-5,-8,0,4,2,Spurs,0022300298,L
655,16,32,18,27,4,9,0,17,0,-2,5,8,0,-4,-2,Rockets,0022300298,W
656,28,20,3,20,10,10,0,13,0,6,1,-10,2,0,5,Pacers,0022300293,W
657,22,19,13,18,10,5,0,14,0,-6,-1,10,-2,0,-5,Pistons,0022300293,L
658,27,22,6,25,6,9,0,12,0,4,1,-1,12,1,4,Nuggets,0022300296,W
659,23,21,7,13,5,5,0,12,0,-4,-1,1,-12,-1,-4,Hawks,0022300296,L
660,18,23,14,26,8,13,0,16,0,0,-5,1,6,3,1,Cavaliers,0022300294,L
661,18,28,13,20,5,12,0,10,0,0,5,-1,-6,-3,-1,Magic,0022300294,W
662,19,25,7,15,5,10,0,13,0,0,3,-7,-8,1,2,Hornets,0022300292,L
663,19,22,14,23,4,8,0,10,0,0,-3,7,8,-1,-2,Heat,0022300292,W
664,24,32,14,25,2,10,0,12,0,0,12,2,2,-3,0,Raptors,0022300297,L
665,24,20,12,23,5,10,1,10,0,0,-12,-2,-2,3,0,Knicks,0022300297,W
666,24,20,12,23,6,9,0,13,0,6,-3,5,8,-4,0,Mavericks,0022300299,W
667,18,23,7,15,10,9,1,14,0,-6,3,-5,-8,4,0,Grizzlies,0022300299,L
668,18,26,11,25,5,12,0,15,0,-1,-3,-1,-4,-1,1,Suns,0022300308,W
669,19,29,12,29,6,11,0,16,0,1,3,1,4,1,-1,Warriors,0022300308,L
670,20,28,16,26,3,11,0,14,1,4,0,4,2,-5,0,Nuggets,0022300307,W
671,16,28,12,24,8,11,0,15,0,-4,0,-4,-2,5,0,Bulls,0022300307,L
672,24,26,2,20,9,10,0,12,0,6,1,-15,-1,1,6,Cavaliers,0022300305,L
673,18,25,17,21,8,4,0,13,0,-6,-1,15,1,-1,-6,Celtics,0022300305,W
674,26,18,10,25,7,6,1,9,0,7,-10,0,6,-1,-4,Clippers,0022300309,W
675,19,28,10,19,8,10,1,12,0,-7,10,0,-6,1,4,Kings,0022300309,L
676,23,22,12,16,10,12,1,11,0,-1,4,-2,-1,2,0,Lakers,0022300306,L
677,24,18,14,17,8,12,0,11,0,1,-4,2,1,-2,0,Mavericks,0022300306,W
678,20,25,12,29,9,9,0,12,0,4,-1,3,9,1,-1,Rockets,0022300314,W
679,16,26,9,20,8,10,1,12,0,-4,1,-3,-9,-1,1,Grizzlies,0022300314,L
680,20,20,10,22,14,9,0,8,0,3,0,0,6,1,-4,Heat,0022300312,W
681,17,20,10,16,13,13,0,14,0,-3,0,0,-6,-1,4,Hornets,0022300312,L
682,21,24,16,15,1,12,0,13,0,-2,4,-3,-16,-4,0,Pistons,0022300310,L
683,23,20,19,31,5,12,1,9,0,2,-4,3,16,4,0,76ers,0022300310,W
684,19,31,5,21,8,6,2,12,0,-8,11,1,-8,0,-2,Spurs,0022300316,L
685,27,20,4,29,8,8,0,12,0,8,-11,-1,8,0,2,Lakers,0022300316,W
686,20,27,9,28,4,9,0,11,0,1,-6,3,1,-2,0,Knicks,0022300318,L
687,19,33,6,27,6,9,0,11,0,-1,6,-3,-1,2,0,Jazz,0022300318,W
688,26,21,7,23,6,10,0,11,0,0,-2,-1,2,1,6,Raptors,0022300313,W
689,26,23,8,21,5,4,1,11,0,0,2,1,-2,-1,-6,Hawks,0022300313,L
690,26,25,13,24,5,9,0,12,0,5,6,-1,9,-5,3,Pelicans,0022300311,W
691,21,19,14,15,10,6,0,10,0,-5,-6,1,-9,5,-3,Wizards,0022300311,L
692,21,22,12,22,6,11,1,13,0,-1,-3,-5,0,3,0,Suns,0022300317,L
693,22,25,17,22,3,11,1,15,0,1,3,5,0,-3,0,Nets,0022300317,W
694,24,32,13,23,7,12,0,14,0,-2,12,-3,1,2,0,Pacers,0022300315,L
695,26,20,16,22,5,12,0,13,0,2,-12,3,-1,-2,0,Bucks,0022300315,W
696,27,19,8,23,4,4,0,10,0,7,-8,0,3,-2,-4,Jazz,0022300323,W
697,20,27,8,20,6,8,0,11,0,-7,8,0,-3,2,4,Trail Blazers,0022300323,L
698,22,24,9,19,3,13,0,14,0,5,5,-10,-2,-2,6,Bulls,0022300320,W
699,17,19,19,21,5,7,0,12,0,-5,-5,10,2,2,-6,Heat,0022300320,L
700,23,22,8,14,5,12,0,9,0,1,2,-5,-8,-5,0,Mavericks,0022300321,L
701,22,20,13,22,10,12,0,11,0,-1,-2,5,8,5,0,Timberwolves,0022300321,W
702,21,29,7,25,2,6,0,10,0,5,2,-2,-3,-7,-5,Nuggets,0022300322,W
703,16,27,9,28,9,11,0,19,0,-5,-2,2,3,7,5,Nets,0022300322,L
704,23,18,12,18,8,11,1,13,0,4,-6,-1,-2,-3,1,Celtics,0022300319,W
705,19,24,13,20,11,10,0,8,0,-4,6,1,2,3,-1,Cavaliers,0022300319,L
706,23,22,7,22,11,13,0,13,0,7,-9,-10,-1,3,2,Kings,0022300324,W
707,16,31,17,23,8,11,0,16,0,-7,9,10,1,-3,-2,Thunder,0022300324,L
708,20,26,9,23,8,15,0,13,0,-2,8,-10,6,1,5,Warriors,0022300325,L
709,22,18,19,17,7,10,0,11,0,2,-8,10,-6,-1,-5,Clippers,0022300325,W
710,27,23,7,22,5,10,1,13,0,5,-3,-8,-3,1,2,Spurs,0022300331,W
711,22,26,15,25,4,8,0,9,0,-5,3,8,3,-1,-2,Lakers,0022300331,L
712,18,26,12,29,5,8,0,12,0,3,-4,4,5,0,-2,Pelicans,0022300326,W
713,15,30,8,24,5,10,0,15,0,-3,4,-4,-5,0,2,Hornets,0022300326,L
714,16,30,8,24,6,10,1,10,0,-6,3,0,-7,0,2,Rockets,0022300332,W
715,22,27,8,31,6,8,0,13,0,6,-3,0,7,0,-2,Grizzlies,0022300332,L
716,23,33,3,22,9,14,0,18,0,-4,13,-11,-3,1,8,Pacers,0022300328,L
717,27,20,14,25,8,6,0,12,0,4,-13,11,3,-1,-8,Wizards,0022300328,W
718,19,22,12,24,11,8,0,11,0,-8,-3,7,5,9,-3,Magic,0022300329,L
719,27,25,5,19,2,11,0,8,0,8,3,-7,-5,-9,3,Celtics,0022300329,W
720,18,26,20,24,5,9,1,9,0,3,-2,10,0,-7,-6,76ers,0022300327,W
721,15,28,10,24,12,15,1,14,0,-3,2,-10,0,7,6,Pistons,0022300327,L
722,21,18,6,20,9,11,0,12,0,-3,-8,1,-5,4,5,Raptors,0022300330,L
723,24,26,5,25,5,6,0,14,0,3,8,-1,5,-4,-5,Hawks,0022300330,W
724,24,21,10,18,7,11,0,9,0,-2,4,0,-1,-2,3,Knicks,0022300333,W
725,26,17,10,19,9,8,0,13,0,2,-4,0,1,2,-3,Suns,0022300333,L
726,29,26,3,28,4,12,0,11,0,11,2,-7,15,-2,2,Cavaliers,0022300336,W
727,18,24,10,13,6,10,0,15,0,-11,-2,7,-15,2,-2,Hawks,0022300336,L
728,24,23,13,24,7,7,0,11,0,3,-3,6,4,-2,-6,Warriors,0022300339,W
729,21,26,7,20,9,13,1,13,0,-3,3,-6,-4,2,6,Nets,0022300339,L
730,19,22,11,20,6,7,1,14,0,-2,1,5,7,2,-1,Bulls,0022300337,L
731,21,21,6,13,4,8,0,12,0,2,-1,-5,-7,-2,1,Heat,0022300337,W
732,25,22,11,22,8,16,0,14,0,0,-1,-6,0,1,6,Trail Blazers,0022300341,L
733,25,23,17,22,7,10,0,10,0,0,1,6,0,-1,-6,Mavericks,0022300341,W
734,29,16,7,22,4,10,1,8,0,11,-15,0,2,-1,2,76ers,0022300335,W
735,18,31,7,20,5,8,0,12,0,-11,15,0,-2,1,-2,Hornets,0022300335,L
736,18,24,16,22,4,9,0,13,0,-3,-5,6,-5,2,1,Thunder,0022300340,W
737,21,29,10,27,2,8,0,11,0,3,5,-6,5,-2,-1,Nuggets,0022300340,L
738,28,19,18,22,7,11,0,11,0,6,-2,5,9,0,-2,Bucks,0022300334,W
739,22,21,13,13,7,13,0,16,0,-6,2,-5,-9,0,2,Pistons,0022300334,L
740,23,21,30,23,2,10,0,11,0,1,-1,12,6,-3,-9,Clippers,0022300343,W
741,22,22,18,17,5,19,0,8,1,-1,1,-12,-6,3,9,Knicks,0022300343,L
742,24,20,7,21,6,8,1,11,0,6,-6,-2,-2,-3,2,Kings,0022300342,W
743,18,26,9,23,9,6,0,12,0,-6,6,2,2,3,-2,Jazz,0022300342,L
744,23,18,5,21,9,9,2,8,0,1,0,-5,7,1,2,Pacers,0022300338,L
745,22,18,10,14,8,7,2,11,0,-1,0,5,-7,-1,-2,Timberwolves,0022300338,W
746,19,27,7,23,9,6,0,9,0,-3,2,0,1,2,-3,Suns,0022300347,W
747,22,25,7,22,7,9,0,11,0,3,-2,0,-1,-2,3,Wizards,0022300347,L
748,24,17,10,14,5,9,0,10,0,-5,-6,-1,-12,-2,-1,Rockets,0022300346,L
749,29,23,11,26,7,10,0,11,0,5,6,1,12,2,1,Bucks,0022300346,W
750,19,25,13,22,7,8,0,12,0,-3,-1,2,-1,-1,-2,Spurs,0022300345,L
751,22,26,11,23,8,10,0,15,0,3,1,-2,1,1,2,Pelicans,0022300345,W
752,18,26,8,19,5,10,0,12,0,-7,0,4,-10,-2,2,Magic,0022300344,L
753,25,26,4,29,7,8,1,8,0,7,0,-4,10,2,-2,Celtics,0022300344,W
754,18,24,7,15,7,10,1,9,0,-8,6,-2,-8,-1,2,Trail Blazers,0022300348,L
755,26,18,9,23,8,8,1,10,0,8,-6,2,8,1,-2,Warriors,0022300348,W
756,29,16,15,20,5,10,0,10,0,3,-3,3,6,0,-2,Clippers,0022300350,W
757,26,19,12,14,5,12,0,10,0,-3,3,-3,-6,0,2,Pacers,0022300350,L
758,19,26,14,27,9,13,0,12,0,-1,4,-2,8,4,3,Jazz,0022300357,W
759,20,22,16,19,5,10,0,10,0,1,-4,2,-8,-4,-3,Nets,0022300357,L
760,20,23,14,13,4,10,0,14,0,-3,1,6,-10,-4,-3,Cavaliers,0022300349,W
761,23,22,8,23,8,13,0,13,0,3,-1,-6,10,4,3,Rockets,0022300349,L
762,22,23,12,28,8,8,0,12,0,0,-9,7,4,3,-2,Knicks,0022300359,W
763,22,32,5,24,5,10,0,11,0,0,9,-7,-4,-3,2,Lakers,0022300359,L
764,17,23,12,23,11,8,0,12,0,-2,-4,3,-2,3,-1,Raptors,0022300354,W
765,19,27,9,25,8,9,1,14,0,2,4,-3,2,-3,1,Hornets,0022300354,L
766,26,19,10,22,3,4,2,10,0,2,-2,6,4,-3,-6,Nuggets,0022300356,W
767,24,21,4,18,6,10,1,14,0,-2,2,-6,-4,3,6,Mavericks,0022300356,L
768,25,21,9,24,6,7,0,12,0,6,-7,3,4,-4,-1,Thunder,0022300355,W
769,19,28,6,20,10,8,0,14,0,-6,7,-3,-4,4,1,Grizzlies,0022300355,L
770,21,28,10,20,4,9,0,14,0,-3,6,4,-4,-3,-1,Pistons,0022300352,L
771,24,22,6,24,7,10,0,13,0,3,-6,-4,4,3,1,Hawks,0022300352,W
772,21,20,6,19,8,9,1,10,0,-4,-8,-3,-3,5,3,Wizards,0022300358,L
773,25,28,9,22,3,6,0,14,0,4,8,3,3,-5,-3,Kings,0022300358,W
774,17,24,7,19,10,5,2,10,0,-7,3,4,-4,2,-1,76ers,0022300351,L
775,24,21,3,23,8,6,0,13,0,7,-3,-4,4,-2,1,Bulls,0022300351,W
776,25,18,12,18,9,10,0,13,0,5,-5,1,-2,-2,-1,Heat,0022300353,L
777,20,23,11,20,11,11,2,15,0,-5,5,-1,2,2,1,Timberwolves,0022300353,W
778,26,31,4,24,3,7,0,11,0,4,6,-6,-5,-5,1,Celtics,0022300362,L
779,22,25,10,29,8,6,0,12,0,-4,-6,6,5,5,-1,Warriors,0022300362,W
780,24,22,13,21,7,9,0,13,0,8,-1,0,0,-4,-1,Suns,0022300363,L
781,16,23,13,21,11,10,2,10,0,-8,1,0,0,4,1,Trail Blazers,0022300363,W
782,20,25,14,24,2,8,0,11,0,4,-1,5,1,-8,-4,Pelicans,0022300360,L
783,16,26,9,23,10,12,0,15,0,-4,1,-5,-1,8,4,Grizzlies,0022300360,W
784,27,27,11,24,4,7,0,11,0,3,4,2,1,-6,-3,Bucks,0022300361,W
785,24,23,9,23,10,10,0,14,0,-3,-4,-2,-1,6,3,Spurs,0022300361,L
786,21,20,12,21,10,12,0,11,0,1,0,-6,5,4,-2,Timberwolves,0022300367,L
787,20,20,18,16,6,14,0,10,0,-1,0,6,-5,-4,2,76ers,0022300367,W
788,25,16,13,21,7,9,0,10,0,-1,-8,8,6,4,0,Pacers,0022300365,W
789,26,24,5,15,3,9,0,15,0,1,8,-8,-6,-4,0,Hornets,0022300365,L
790,27,22,9,30,7,4,0,9,0,2,-7,7,12,5,-4,Celtics,0022300373,W
791,25,29,2,18,2,8,0,10,0,-2,7,-7,-12,-5,4,Kings,0022300373,L
792,24,25,4,28,7,10,0,11,0,5,3,-7,9,0,2,Cavaliers,0022300364,W
793,19,22,11,19,7,8,0,13,0,-5,-3,7,-9,0,-2,Jazz,0022300364,L
794,23,20,13,21,5,13,0,11,0,-2,-4,-3,0,1,4,Rockets,0022300371,L
795,25,24,16,21,4,9,0,12,0,2,4,3,0,-1,-4,Hawks,0022300371,W
796,28,23,0,24,5,6,0,10,0,9,-4,-5,3,-3,0,Nuggets,0022300369,W
797,19,27,5,21,8,6,0,9,0,-9,4,5,-3,3,0,Raptors,0022300369,L
798,18,32,7,25,8,12,0,15,0,-3,4,-8,-3,3,5,Nets,0022300368,L
799,21,28,15,28,5,7,0,9,0,3,-4,8,3,-3,-5,Knicks,0022300368,W
800,21,25,9,19,5,5,2,11,0,-3,4,4,-7,-5,-4,Lakers,0022300370,L
801,24,21,5,26,10,9,1,12,0,3,-4,-4,7,5,4,Bulls,0022300370,W
802,26,21,7,18,4,7,1,8,0,6,-1,-1,-5,-5,-3,Heat,0022300366,W
803,20,22,8,23,9,10,1,12,0,-6,1,1,5,5,3,Magic,0022300366,L
804,23,16,15,20,3,9,0,6,0,3,-12,5,2,-1,1,Clippers,0022300372,W
805,20,28,10,18,4,8,1,10,0,-3,12,-5,-2,1,-1,Mavericks,0022300372,L
806,22,22,10,17,8,10,1,11,0,1,1,-6,-3,0,2,Timberwolves,0022300380,W
807,21,21,16,20,8,8,0,13,0,-1,-1,6,3,0,-2,Lakers,0022300380,L
808,22,27,9,20,6,10,0,16,0,5,3,-2,-4,-5,1,Bulls,0022300376,W
809,17,24,11,24,11,9,0,15,0,-5,-3,2,4,5,-1,Spurs,0022300376,L
810,19,21,7,13,6,6,0,12,0,-7,4,3,-7,0,-3,Cavaliers,0022300375,L
811,26,17,4,20,6,9,0,14,0,7,-4,-3,7,0,3,Pelicans,0022300375,W
812,25,22,6,17,5,8,1,11,0,3,-1,-4,-6,-2,-1,Magic,0022300378,L
813,22,23,10,23,7,9,0,11,0,-3,1,4,6,2,1,Bucks,0022300378,W
814,24,21,8,23,7,6,2,10,0,0,-9,3,-3,1,-1,Thunder,0022300379,W
815,24,30,5,26,6,7,0,9,0,0,9,-3,3,-1,1,Clippers,0022300379,L
816,23,20,4,19,8,6,0,12,0,2,-2,-1,2,1,-1,Grizzlies,0022300377,W
817,21,22,5,17,7,7,0,12,0,-2,2,1,-2,-1,1,Pacers,0022300377,L
818,24,21,5,23,12,5,0,15,0,-3,-8,2,3,8,0,Pistons,0022300374,L
819,27,29,3,20,4,5,0,8,0,3,8,-2,-3,-8,0,Jazz,0022300374,W
820,25,21,15,20,6,10,0,10,0,5,-7,6,-2,-3,-2,Wizards,0022300381,W
821,20,28,9,22,9,12,0,13,0,-5,7,-6,2,3,2,Trail Blazers,0022300381,L
822,25,19,5,18,5,9,0,13,0,3,-4,-6,-2,0,1,Nuggets,0022300383,W
823,22,23,11,20,5,8,0,14,0,-3,4,6,2,0,-1,Nets,0022300383,L
824,17,25,19,24,8,13,0,15,0,-5,7,0,6,2,-1,Suns,0022300387,L
825,22,18,19,18,6,14,0,11,0,5,-7,0,-6,-2,1,Kings,0022300387,W
826,15,39,9,27,6,10,1,12,0,-5,13,-4,-3,-2,1,Mavericks,0022300385,L
827,20,26,13,30,8,9,0,10,0,5,-13,4,3,2,-1,Rockets,0022300385,W
828,20,24,16,23,8,8,1,10,0,-2,4,5,5,0,-4,Raptors,0022300382,L
829,22,20,11,18,8,12,0,9,0,2,-4,-5,-5,0,4,76ers,0022300382,W
830,21,27,18,21,4,8,0,10,0,-3,-2,9,-7,-1,-4,Wizards,0022300386,L
831,24,29,9,28,5,12,0,14,0,3,2,-9,7,1,4,Warriors,0022300386,W
832,25,23,7,22,6,10,0,13,0,3,1,-1,3,0,3,Heat,0022300384,W
833,22,22,8,19,6,7,0,11,0,-3,-1,1,-3,0,-3,Hawks,0022300384,L
834,19,26,15,23,6,8,0,11,0,-2,5,5,4,1,-4,Cavaliers,0022300396,W
835,21,21,10,19,5,12,0,15,0,2,-5,-5,-4,-1,4,Bulls,0022300396,L
836,26,24,4,26,5,12,1,13,0,11,-2,-13,7,-1,4,Timberwolves,0022300400,W
837,15,26,17,19,6,8,0,14,0,-11,2,13,-7,1,-4,Kings,0022300400,L
838,24,18,10,19,9,7,0,12,0,3,-6,4,2,0,-5,Hornets,0022300390,L
839,21,24,6,17,9,12,0,10,0,-3,6,-4,-2,0,5,Nuggets,0022300390,W
840,17,26,8,11,6,9,0,10,0,-5,8,-1,-19,-6,3,Trail Blazers,0022300399,L
841,22,18,9,30,12,6,0,10,0,5,-8,1,19,6,-3,Warriors,0022300399,W
842,27,18,13,23,5,6,1,13,0,4,-7,6,8,1,-3,Lakers,0022300397,W
843,23,25,7,15,4,9,0,13,0,-4,7,-6,-8,-1,3,Thunder,0022300397,L
844,27,26,10,27,5,8,0,11,0,2,2,0,8,1,0,Mavericks,0022300398,W
845,25,24,10,19,4,8,0,11,0,-2,-2,0,-8,-1,0,Spurs,0022300398,L
846,24,15,27,22,4,9,0,13,0,2,-8,18,5,-3,-11,Magic,0022300391,W
847,22,23,9,17,7,20,0,15,0,-2,8,-18,-5,3,11,Pacers,0022300391,L
848,23,26,9,28,8,7,2,11,0,3,0,5,8,2,-5,Celtics,0022300389,W
849,20,26,4,20,6,12,1,10,0,-3,0,-5,-8,-2,5,Clippers,0022300389,L
850,28,24,7,23,4,10,0,13,0,7,1,1,7,-3,5,Raptors,0022300395,L
851,21,23,6,16,7,5,0,12,0,-7,-1,-1,-7,3,-5,Jazz,0022300395,W
852,18,20,15,16,8,11,0,13,0,-6,0,2,-2,2,-2,Pistons,0022300394,L
853,24,20,13,18,6,13,0,16,0,6,0,-2,2,-2,2,Nets,0022300394,W
854,20,27,12,18,3,9,0,10,0,-2,3,-1,-14,-5,-2,Knicks,0022300388,L
855,22,24,13,32,8,11,1,9,0,2,-3,1,14,5,2,Bucks,0022300388,W
856,20,20,11,26,7,9,0,15,0,3,-8,-2,2,2,1,Pelicans,0022300392,L
857,17,28,13,24,5,8,0,12,0,-3,8,2,-2,-2,-1,Rockets,0022300392,W
858,21,25,9,26,9,8,0,15,0,-2,-4,-1,1,5,-3,Grizzlies,0022300393,W
859,23,29,10,25,4,11,1,11,0,2,4,1,-1,-5,3,Hawks,0022300393,L
860,19,29,10,22,6,6,0,9,0,-7,0,6,-4,0,-3,Bucks,0022300401,L
861,26,29,4,26,6,9,0,11,0,7,0,-6,4,0,3,Knicks,0022300401,W
862,20,24,6,20,8,10,1,12,0,3,1,-5,-1,-2,4,Nuggets,0022300402,W
863,17,23,11,21,10,6,0,15,0,-3,-1,5,1,2,-4,Warriors,0022300402,L
864,22,25,9,19,4,10,1,11,0,-1,1,0,-8,-4,3,Celtics,0022300403,W
865,23,24,9,27,8,7,1,11,0,1,-1,0,8,4,-3,Lakers,0022300403,L
866,18,30,14,26,5,9,0,11,0,-4,7,0,5,0,-1,Suns,0022300405,L
867,22,23,14,21,5,10,0,12,0,4,-7,0,-5,0,1,Mavericks,0022300405,W
868,19,34,7,18,3,10,1,10,0,-3,13,-9,-13,-4,4,76ers,0022300404,L
869,22,21,16,31,7,6,2,10,0,3,-13,9,13,4,-4,Heat,0022300404,W
870,25,19,14,18,4,6,0,9,0,-1,-2,9,-1,-3,-4,Trail Blazers,0022300413,W
871,26,21,5,19,7,10,0,16,0,1,2,-9,1,3,4,Kings,0022300413,L
872,24,27,5,21,5,9,1,14,0,0,4,-8,-6,-2,3,Spurs,0022300412,L
873,24,23,13,27,7,6,0,12,0,0,-4,8,6,2,-3,Jazz,0022300412,W
874,16,26,8,24,9,7,2,12,0,-3,0,-3,0,2,0,Grizzlies,0022300410,W
875,19,26,11,24,7,7,0,14,0,3,0,3,0,-2,0,Pelicans,0022300410,L
876,26,21,12,21,8,6,0,10,0,1,3,9,4,-4,-5,Rockets,0022300409,L
877,25,18,3,17,12,11,0,15,0,-1,-3,-9,-4,4,5,Pacers,0022300409,W
878,24,18,10,11,4,11,0,9,0,5,3,-9,-4,-5,-1,Thunder,0022300411,W
879,19,15,19,15,9,12,0,12,0,-5,-3,9,4,5,1,Timberwolves,0022300411,L
880,20,28,14,28,8,11,1,18,0,-3,7,-3,6,3,1,Pistons,0022300406,L
881,23,21,17,22,5,10,0,10,0,3,-7,3,-6,-3,-1,Nets,0022300406,W
882,18,26,12,22,4,9,0,11,0,-2,2,1,-3,-4,0,Bulls,0022300408,W
883,20,24,11,25,8,9,0,12,0,2,-2,-1,3,4,0,Hawks,0022300408,L
884,22,23,10,25,9,9,0,10,0,-2,-3,0,4,1,2,Wizards,0022300407,L
885,24,26,10,21,8,7,0,9,0,2,3,0,-4,-1,-2,Magic,0022300407,W
886,21,21,6,19,8,7,0,9,0,-2,-3,1,-3,1,-1,Clippers,0022300414,W
887,23,24,5,22,7,8,1,13,0,2,3,-1,3,-1,1,Hornets,0022300414,L
888,21,28,11,25,6,10,0,11,0,4,4,1,1,-3,1,76ers,0022300415,W
889,17,24,10,24,9,9,0,13,0,-4,-4,-1,-1,3,-1,Magic,0022300415,L
890,19,26,10,22,9,5,1,11,0,-5,4,6,-4,0,-6,Wizards,0022300416,L
891,24,22,4,26,9,11,0,12,0,5,-4,-6,4,0,6,Raptors,0022300416,W
892,27,21,9,13,1,8,0,18,0,6,1,-5,-9,-9,1,Thunder,0022300419,W
893,21,20,14,22,10,7,0,9,0,-6,-1,5,9,9,-1,Knicks,0022300419,L
894,23,22,17,18,3,9,0,8,0,3,-2,9,-4,-7,-4,Mavericks,0022300420,L
895,20,24,8,22,10,13,0,11,0,-3,2,-9,4,7,4,Cavaliers,0022300420,W
896,27,18,14,27,9,10,0,10,0,7,-10,3,13,5,-1,Suns,0022300418,W
897,20,28,11,14,4,11,2,10,0,-7,10,-3,-13,-5,1,Rockets,0022300418,L
898,23,26,13,20,3,8,0,11,0,-1,8,4,-1,-5,-3,Nets,0022300417,L
899,24,18,9,21,8,11,1,10,0,1,-8,-4,1,5,3,Bucks,0022300417,W
900,21,14,12,17,15,12,0,12,0,1,-10,1,0,5,0,Timberwolves,0022300423,W
901,20,24,11,17,10,12,0,12,0,-1,10,-1,0,-5,0,Mavericks,0022300423,L
902,24,18,5,18,7,9,0,12,0,4,-6,-3,-3,-3,2,Pelicans,0022300424,W
903,20,24,8,21,10,7,0,12,0,-4,6,3,3,3,-2,Jazz,0022300424,L
904,27,17,10,25,9,6,0,14,0,9,-11,2,5,-1,-1,Pistons,0022300421,L
905,18,28,8,20,10,7,2,11,0,-9,11,-2,-5,1,1,Celtics,0022300421,W
906,22,26,11,21,0,10,0,11,0,5,4,-3,-2,-9,1,Heat,0022300426,W
907,17,22,14,23,9,9,0,12,0,-5,-4,3,2,9,-1,Warriors,0022300426,L
908,25,21,6,27,7,6,1,9,0,6,-6,4,7,-1,-2,Nuggets,0022300425,W
909,19,27,2,20,8,8,0,12,0,-6,6,-4,-7,1,2,Grizzlies,0022300425,L
910,23,31,4,24,3,7,0,14,0,0,11,-3,2,-4,-1,Bulls,0022300422,L
911,23,20,7,22,7,8,0,10,0,0,-11,3,-2,4,1,Pacers,0022300422,W
912,19,19,17,21,8,10,0,14,0,3,-20,3,-10,0,-5,Spurs,0022300427,W
913,16,39,14,31,8,15,1,12,0,-3,20,-3,10,0,5,Trail Blazers,0022300427,L
914,23,27,3,21,5,10,0,11,0,3,2,-11,-7,-5,6,Lakers,0022300428,W
915,20,25,14,28,10,4,2,11,0,-3,-2,11,7,5,-6,Hornets,0022300428,L
916,21,22,13,24,5,6,0,14,0,-1,-1,9,1,1,-2,Nets,0022300430,L
917,22,23,4,23,4,8,0,12,0,1,1,-9,-1,-1,2,Wizards,0022300430,W
918,24,27,12,26,9,12,0,13,0,3,7,-5,12,2,0,Rockets,0022300434,L
919,21,20,17,14,7,12,0,11,0,-3,-7,5,-12,-2,0,76ers,0022300434,W
920,22,30,2,20,3,7,0,12,0,-3,8,-5,-7,-3,1,Raptors,0022300432,L
921,25,22,7,27,6,6,2,10,0,3,-8,5,7,3,-1,Celtics,0022300432,W
922,24,25,17,29,4,7,0,11,0,2,1,11,12,-2,-4,Hawks,0022300431,L
923,22,24,6,17,6,11,0,11,0,-2,-1,-11,-12,2,4,Kings,0022300431,W
924,26,26,4,23,5,7,0,14,0,7,1,-3,5,-6,-2,Cavaliers,0022300433,L
925,19,25,7,18,11,9,1,11,0,-7,-1,3,-5,6,2,Bucks,0022300433,W
926,24,13,12,19,9,5,0,11,0,2,-10,10,7,4,-3,Suns,0022300436,W
927,22,23,2,12,5,8,0,12,0,-2,10,-10,-7,-4,3,Hornets,0022300436,L
928,22,24,6,24,4,9,0,11,0,2,0,3,5,-4,0,Thunder,0022300435,W
929,20,24,3,19,8,9,0,10,0,-2,0,-3,-5,4,0,Nuggets,0022300435,L
930,21,23,5,18,6,10,0,11,0,-1,0,-7,-6,0,4,Grizzlies,0022300438,L
931,22,23,12,24,6,6,0,12,0,1,0,7,6,0,-4,Clippers,0022300438,W
932,17,26,11,19,10,10,1,9,0,-5,5,1,-5,-2,0,Knicks,0022300429,L
933,22,21,10,24,12,10,0,11,0,5,-5,-1,5,2,0,Magic,0022300429,W
934,23,22,11,21,11,8,0,11,0,-3,-2,-1,-2,4,0,Spurs,0022300437,L
935,26,24,12,23,7,8,1,8,0,3,2,1,2,-4,0,Trail Blazers,0022300437,W
936,16,30,8,18,3,8,1,16,0,-2,5,-5,-8,-1,-1,Raptors,0022300440,L
937,18,25,13,26,4,9,1,12,0,2,-5,5,8,1,1,Pistons,0022300440,W
938,21,27,17,20,6,7,0,10,0,-1,11,7,-1,-6,-6,Lakers,0022300443,L
939,22,16,10,21,12,13,0,13,0,1,-11,-7,1,6,6,Timberwolves,0022300443,W
940,24,22,5,21,5,8,0,11,0,1,-6,1,-5,-1,1,Mavericks,0022300444,W
941,23,28,4,26,6,7,0,14,0,-1,6,-1,5,1,-1,Warriors,0022300444,L
942,18,31,10,21,3,9,0,14,0,-5,12,-2,-8,-6,-1,76ers,0022300442,L
943,23,19,12,29,9,10,0,13,0,5,-12,2,8,6,1,Bulls,0022300442,W
944,25,18,5,18,11,7,2,10,0,1,-9,-2,-6,4,0,Pacers,0022300441,W
945,24,27,7,24,7,7,0,8,0,-1,9,2,6,-4,0,Knicks,0022300441,L
946,19,22,14,26,10,11,1,12,0,-4,-6,5,4,6,3,Heat,0022300439,L
947,23,28,9,22,4,8,0,11,0,4,6,-5,-4,-6,-3,Jazz,0022300439,W
948,19,22,17,16,7,9,1,12,0,-7,1,2,-11,1,-3,Lakers,0022300446,L
949,26,21,15,27,6,12,0,13,0,7,-1,-2,11,-1,3,Pelicans,0022300446,W
950,22,25,4,15,3,7,1,11,0,-2,4,-4,-12,-2,4,Spurs,0022300448,L
951,24,21,8,27,5,3,0,9,0,2,-4,4,12,2,-4,Celtics,0022300448,W
952,25,22,15,19,3,10,0,13,0,3,-8,4,-5,-3,-1,Suns,0022300450,W
953,22,30,11,24,6,11,0,13,0,-3,8,-4,5,3,1,Magic,0022300450,L
954,28,25,11,32,6,9,0,12,0,7,-4,1,14,2,1,Hawks,0022300445,W
955,21,29,10,18,4,8,0,10,0,-7,4,-1,-14,-2,-1,Wizards,0022300445,L
956,22,17,12,22,8,10,0,12,0,2,-13,2,1,6,-2,Thunder,0022300447,W
957,20,30,10,21,2,12,0,11,0,-2,13,-2,-1,-6,2,Nets,0022300447,L
958,19,23,15,18,4,11,0,12,0,-6,-2,2,-10,0,-2,Grizzlies,0022300449,L
959,25,25,13,28,4,13,0,12,0,6,2,-2,10,0,2,Kings,0022300449,W
960,23,26,7,21,4,7,1,13,0,-1,0,-1,-6,-1,-2,Mavericks,0022300457,L
961,24,26,8,27,5,9,0,11,0,1,0,1,6,1,2,Jazz,0022300457,W
962,22,21,12,25,8,14,0,10,0,4,-11,-9,1,3,2,Bucks,0022300454,L
963,18,32,21,24,5,12,0,13,0,-4,11,9,-1,-3,-2,Pacers,0022300454,W
964,22,23,6,23,7,9,0,11,0,-1,-1,-3,5,3,4,Pistons,0022300453,L
965,23,24,9,18,4,5,0,12,0,1,1,3,-5,-3,-4,Rockets,0022300453,W
966,20,25,6,23,6,5,0,10,0,0,1,1,-2,-1,-2,Hornets,0022300455,L
967,20,24,5,25,7,7,1,10,0,0,-1,-1,2,1,2,Nuggets,0022300455,W
968,19,23,4,17,8,8,2,12,0,-1,0,-10,-6,1,-1,Trail Blazers,0022300456,L
969,20,23,14,23,7,9,1,9,0,1,0,10,6,-1,1,Suns,0022300456,W
970,19,25,14,18,4,9,1,11,0,-3,11,7,0,-4,1,Heat,0022300458,L
971,22,14,7,18,8,8,0,6,0,3,-11,-7,0,4,-1,Clippers,0022300458,W
972,15,18,18,17,8,11,0,10,0,-5,-9,4,-7,5,-1,Timberwolves,0022300451,L
973,20,27,14,24,3,12,0,15,0,5,9,-4,7,-5,1,Knicks,0022300451,W
974,21,25,15,21,4,12,0,12,0,-3,1,2,-4,-1,1,Cavaliers,0022300452,L
975,24,24,13,25,5,11,1,13,0,3,-1,-2,4,1,-1,Raptors,0022300452,W
976,18,24,2,18,8,7,0,13,0,-1,-3,-5,-10,-1,-4,Hornets,0022300464,W
977,19,27,7,28,9,11,0,15,0,1,3,5,10,1,4,Kings,0022300464,L
978,13,33,2,17,6,4,0,11,0,-10,12,-2,-12,-2,-1,Nets,0022300461,L
979,23,21,4,29,8,5,0,14,0,10,-12,2,12,2,1,Pelicans,0022300461,W
980,18,30,15,27,8,10,0,11,0,-3,10,1,10,2,0,Magic,0022300463,L
981,21,20,14,17,6,10,0,11,0,3,-10,-1,-10,-2,0,Warriors,0022300463,W
982,20,22,14,23,8,8,0,12,0,-3,0,9,6,2,-2,Celtics,0022300462,L
983,23,22,5,17,6,10,0,16,0,3,0,-9,-6,-2,2,Thunder,0022300462,W
984,15,32,14,25,8,9,0,17,0,-12,14,3,3,6,-3,Bulls,0022300459,L
985,27,18,11,22,2,12,0,9,0,12,-14,-3,-3,-6,3,76ers,0022300459,W
986,17,26,9,21,6,9,0,10,0,1,1,3,-3,-5,-3,Grizzlies,0022300460,W
987,16,25,6,24,11,12,0,13,0,-1,-1,-3,3,5,3,Spurs,0022300460,L
988,19,31,4,19,7,11,0,14,0,-3,7,-9,-8,1,4,Grizzlies,0022300470,L
989,22,24,13,27,6,7,0,13,0,3,-7,9,8,-1,-4,Raptors,0022300470,W
990,25,18,11,20,6,10,0,12,0,7,1,-2,6,-6,0,Kings,0022300476,W
991,18,17,13,14,12,10,0,12,0,-7,-1,2,-6,6,0,Magic,0022300476,L
992,18,19,7,23,12,7,0,10,0,-2,-8,1,1,7,1,Rockets,0022300469,W
993,20,27,6,22,5,6,0,13,0,2,8,-1,-1,-7,-1,Nets,0022300469,L
994,28,23,5,24,9,9,0,8,0,3,-3,-5,5,2,1,Pistons,0022300474,L
995,25,26,10,19,7,8,2,10,0,-3,3,5,-5,-2,-1,Jazz,0022300474,W
996,23,26,4,20,3,4,0,11,0,-4,1,4,-5,-1,0,Wizards,0022300465,L
997,27,25,0,25,4,4,0,9,0,4,-1,-4,5,1,0,Cavaliers,0022300465,W
998,26,16,25,18,5,12,0,12,0,10,-9,13,-2,-9,-8,Mavericks,0022300472,W
999,16,25,12,20,14,20,0,15,1,-10,9,-13,2,9,8,Trail Blazers,0022300472,L
1000,22,15,11,22,6,10,0,11,0,5,-9,1,11,2,2,Pelicans,0022300471,W
1001,17,24,10,11,4,8,0,11,0,-5,9,-1,-11,-2,-2,Timberwolves,0022300471,L
1002,24,17,14,22,8,10,1,11,0,4,-7,5,3,-1,-1,Clippers,0022300473,W
1003,20,24,9,19,9,11,1,12,0,-4,7,-5,-3,1,1,Suns,0022300473,L
1004,16,26,12,29,15,10,0,10,0,-3,-1,-1,9,10,0,Lakers,0022300475,L
1005,19,27,13,20,5,10,2,13,0,3,1,1,-9,-10,0,Heat,0022300475,W
1006,23,23,23,27,5,9,0,12,0,2,-4,14,5,-4,-5,Hawks,0022300467,W
1007,21,27,9,22,9,14,1,18,0,-2,4,-14,-5,4,5,Thunder,0022300467,L
1008,20,23,9,19,7,8,1,14,0,1,1,6,-5,-5,0,Bulls,0022300468,L
1009,19,22,3,24,12,8,0,9,0,-1,-1,-6,5,5,0,Knicks,0022300468,W
1010,27,22,6,20,6,12,0,11,0,2,2,-8,0,1,4,Bucks,0022300466,L
1011,25,20,14,20,5,8,2,11,0,-2,-2,8,0,-1,-4,Pacers,0022300466,W
1012,23,23,12,16,5,8,0,12,0,-6,5,4,-5,1,-1,Warriors,0022300478,L
1013,29,18,8,21,4,9,1,12,0,6,-5,-4,5,-1,1,Nuggets,0022300478,W
1014,23,24,7,22,7,6,0,12,0,-2,0,1,2,-1,-1,Spurs,0022300477,L
1015,25,24,6,20,8,7,0,9,0,2,0,-1,-2,1,1,Bucks,0022300477,W
1016,19,25,14,21,6,7,1,8,0,-6,2,1,-2,3,-3,76ers,0022300483,L
1017,25,23,13,23,3,10,0,8,0,6,-2,-1,2,-3,3,Knicks,0022300483,W
1018,17,30,2,22,7,13,1,14,0,-2,11,-5,-3,-2,6,Hornets,0022300484,L
1019,19,19,7,25,9,7,0,14,0,2,-11,5,3,2,-6,Bulls,0022300484,W
1020,18,21,14,19,6,8,0,10,0,-7,-1,12,-2,2,-2,Heat,0022300489,L
1021,25,22,2,21,4,10,0,11,0,7,1,-12,2,-2,2,Suns,0022300489,W
1022,19,22,12,29,11,8,0,11,0,-1,-11,10,7,5,-4,Warriors,0022300490,W
1023,20,33,2,22,6,12,1,14,0,1,11,-10,-7,-5,4,Pistons,0022300490,L
1024,19,31,15,18,4,7,1,12,0,-12,18,6,-5,-5,-5,Hawks,0022300480,L
1025,31,13,9,23,9,12,0,11,0,12,-18,-6,5,5,5,Pacers,0022300480,W
1026,19,28,13,24,7,9,1,11,0,-8,3,5,-3,2,-1,Magic,0022300488,W
1027,27,25,8,27,5,10,1,11,0,8,-3,-5,3,-2,1,Nuggets,0022300488,L
1028,24,29,5,20,4,6,1,9,0,3,10,-3,-6,-8,-3,Lakers,0022300491,L
1029,21,19,8,26,12,9,0,12,0,-3,-10,3,6,8,3,Grizzlies,0022300491,W
1030,26,21,6,26,10,12,0,13,0,8,-5,-6,6,2,4,Mavericks,0022300487,W
1031,18,26,12,20,8,8,0,11,0,-8,5,6,-6,-2,-4,Trail Blazers,0022300487,L
1032,26,21,15,27,6,12,0,13,0,7,-2,6,13,-2,-1,Nets,0022300481,W
1033,19,23,9,14,8,13,0,16,0,-7,2,-6,-13,2,1,Thunder,0022300481,L
1034,30,25,7,28,6,11,0,12,0,11,2,-8,9,-1,3,Kings,0022300492,W
1035,19,23,15,19,7,8,1,12,0,-11,-2,8,-9,1,-3,Raptors,0022300492,L
1036,23,22,16,31,6,7,0,12,0,8,-12,8,4,-3,-4,Celtics,0022300479,W
1037,15,34,8,27,9,11,0,11,0,-8,12,-8,-4,3,4,Jazz,0022300479,L
1038,19,23,10,25,8,7,0,13,0,4,1,7,8,-2,-2,Cavaliers,0022300482,W
1039,15,22,3,17,10,9,1,9,0,-4,-1,-7,-8,2,2,Wizards,0022300482,L
1040,17,25,7,19,10,6,0,10,0,-4,1,-4,-8,3,-3,Rockets,0022300485,L
1041,21,24,11,27,7,9,0,9,0,4,-1,4,8,-3,3,Timberwolves,0022300485,W
1042,15,28,8,22,4,7,1,13,0,-6,6,-1,-5,0,0,Pelicans,0022300486,L
1043,21,22,9,27,4,7,0,9,0,6,-6,1,5,0,0,Clippers,0022300486,W
1044,15,23,13,19,5,10,0,11,0,-7,1,-2,-7,3,1,Bucks,0022300496,L
1045,22,22,15,26,2,9,0,11,0,7,-1,2,7,-3,-1,Rockets,0022300496,W
1046,22,20,13,25,10,11,0,9,0,6,-5,0,3,-4,3,Knicks,0022300494,W
1047,16,25,13,22,14,8,0,10,0,-6,5,0,-3,4,-3,Wizards,0022300494,L
1048,24,21,0,30,12,12,0,13,0,6,-6,-13,12,7,7,Celtics,0022300493,W
1049,18,27,13,18,5,5,0,12,0,-6,6,13,-12,-7,-7,Pacers,0022300493,L
1050,22,18,13,22,13,11,1,11,0,1,-15,-2,3,9,0,Jazz,0022300495,W
1051,21,33,15,19,4,11,0,16,0,-1,15,2,-3,-9,0,76ers,0022300495,L
1052,25,19,9,25,5,10,0,12,0,6,-6,-2,4,0,-2,Hawks,0022300499,L
1053,19,25,11,21,5,12,1,11,0,-6,6,2,-4,0,2,Magic,0022300499,W
1054,22,24,8,22,6,8,0,10,0,1,1,0,1,0,1,Cavaliers,0022300497,W
1055,21,23,8,21,6,7,0,12,0,-1,-1,0,-1,0,-1,Spurs,0022300497,L
1056,20,20,6,20,10,7,1,10,0,2,-3,-7,3,5,-1,Lakers,0022300505,W
1057,18,23,13,17,5,8,0,9,0,-2,3,7,-3,-5,1,Clippers,0022300505,L
1058,25,24,9,26,7,14,0,12,0,3,-4,-1,0,-2,2,Suns,0022300503,L
1059,22,28,10,26,9,12,0,13,0,-3,4,1,0,2,-2,Grizzlies,0022300503,W
1060,23,21,13,19,5,14,0,11,0,3,-5,-6,-7,0,2,Mavericks,0022300501,W
1061,20,26,19,26,5,12,1,16,0,-3,5,6,7,0,-2,Timberwolves,0022300501,L
1062,23,22,7,18,4,8,0,12,0,-2,7,-6,1,2,4,Pistons,0022300502,L
1063,25,15,13,17,2,4,0,11,0,2,-7,6,-1,-2,-4,Nuggets,0022300502,W
1064,32,20,5,28,2,6,0,9,0,12,-12,1,7,-4,1,Raptors,0022300504,W
1065,20,32,4,21,6,5,1,12,0,-12,12,-1,-7,4,-1,Warriors,0022300504,L
1066,18,21,14,24,9,11,1,11,0,1,-6,2,7,3,-1,Nets,0022300498,L
1067,17,27,12,17,6,12,0,10,0,-1,6,-2,-7,-3,1,Trail Blazers,0022300498,W
1068,17,26,6,9,5,5,0,12,0,-12,9,0,-20,-1,-1,Kings,0022300500,L
1069,29,17,6,29,6,6,0,16,0,12,-9,0,20,1,1,Pelicans,0022300500,W
1070,26,21,9,21,7,12,0,11,0,5,-3,-6,2,0,3,Thunder,0022300508,W
1071,21,24,15,19,7,9,1,11,0,-5,3,6,-2,0,-3,Wizards,0022300508,L
1072,22,24,5,21,7,13,0,12,0,-4,1,-7,-5,0,5,Pacers,0022300507,W
1073,26,23,12,26,7,8,0,9,0,4,-1,7,5,0,-5,Celtics,0022300507,L
1074,16,32,7,18,5,7,0,9,0,-12,7,1,-13,1,0,Bucks,0022300510,L
1075,28,25,6,31,4,7,1,10,0,12,-7,-1,13,-1,0,Jazz,0022300510,W
1076,22,21,16,12,3,9,1,10,0,-6,7,8,-9,-4,-1,Suns,0022300511,L
1077,28,14,8,21,7,10,0,9,0,6,-7,-8,9,4,1,Clippers,0022300511,W
1078,21,19,16,22,7,10,0,11,0,2,-5,3,4,0,-5,Heat,0022300509,W
1079,19,24,13,18,7,15,1,14,0,-2,5,-3,-4,0,5,Rockets,0022300509,L
1080,19,21,9,23,7,8,0,14,0,3,-8,3,-2,1,-1,Bulls,0022300506,W
1081,16,29,6,25,6,9,1,11,0,-3,8,-3,2,-1,1,Hornets,0022300506,L
1082,23,24,7,25,5,6,0,10,0,2,2,1,4,0,-3,Raptors,0022300516,L
1083,21,22,6,21,5,9,0,10,0,-2,-2,-1,-4,0,3,Lakers,0022300516,W
1084,30,14,10,20,11,13,0,11,0,7,-8,-2,3,2,3,Kings,0022300512,W
1085,23,22,12,17,9,10,0,16,0,-7,8,2,-3,-2,-3,Pistons,0022300512,L
1086,26,24,11,26,4,11,0,10,0,8,-1,-5,10,-2,3,Grizzlies,0022300515,W
1087,18,25,16,16,6,8,0,16,0,-8,1,5,-10,2,-3,Mavericks,0022300515,L
1088,13,34,7,17,7,14,1,11,0,-12,17,-5,-11,-1,6,Magic,0022300513,L
1089,25,17,12,28,8,8,0,14,0,12,-17,5,11,1,-6,Timberwolves,0022300513,W
1090,16,27,6,18,7,13,0,11,0,-4,0,-10,-13,2,8,Trail Blazers,0022300514,L
1091,20,27,16,31,5,5,0,11,0,4,0,10,13,-2,-8,Knicks,0022300514,W
1092,22,23,9,17,4,6,0,11,0,-3,5,6,-1,-4,-3,Clippers,0022300526,W
1093,25,18,3,18,8,9,0,12,0,3,-5,-6,1,4,3,Raptors,0022300526,L
1094,21,25,9,25,6,7,0,11,0,0,-1,0,1,0,2,Bulls,0022300523,W
1095,21,26,9,24,6,5,0,14,0,0,1,0,-1,0,-2,Rockets,0022300523,L
1096,26,18,12,15,3,6,0,11,0,-1,6,6,1,-4,-3,Heat,0022300522,L
1097,27,12,6,14,7,9,0,14,0,1,-6,-6,-1,4,3,Thunder,0022300522,W
1098,17,21,12,20,5,10,0,9,0,-3,-4,2,-5,2,0,Celtics,0022300517,W
1099,20,25,10,25,3,10,0,8,0,3,4,-2,5,-2,0,Timberwolves,0022300517,L
1100,23,23,6,19,4,6,1,11,0,-4,6,-1,1,0,-1,Hornets,0022300518,L
1101,27,17,7,18,4,7,0,12,0,4,-6,1,-1,0,1,Kings,0022300518,W
1102,25,24,11,27,4,7,0,14,0,4,0,2,9,1,-1,Spurs,0022300519,W
1103,21,24,9,18,3,8,1,15,0,-4,0,-2,-9,-1,1,Pistons,0022300519,L
1104,18,24,14,18,7,9,0,14,0,-8,8,2,-2,2,2,Nuggets,0022300524,L
1105,26,16,12,20,5,7,0,15,0,8,-8,-2,2,-2,-2,Jazz,0022300524,W
1106,23,27,16,30,8,10,0,12,0,2,0,-1,6,2,-2,Hawks,0022300521,W
1107,21,27,17,24,6,12,0,16,0,-2,0,1,-6,-2,2,76ers,0022300521,L
1108,20,26,13,24,7,10,0,10,0,0,-2,-1,-6,-3,-1,Pacers,0022300520,W
1109,20,28,14,30,10,11,1,10,0,0,2,1,6,3,1,Wizards,0022300520,L
1110,22,20,8,21,11,10,0,11,0,-3,-1,-4,1,6,1,Warriors,0022300525,L
1111,25,21,12,20,5,9,0,14,0,3,1,4,-1,-6,-1,Pelicans,0022300525,W
1112,16,34,6,17,4,7,0,9,0,-12,13,-5,-16,1,-1,Celtics,0022300528,L
1113,28,21,11,33,3,8,0,11,0,12,-13,5,16,-1,1,Bucks,0022300528,W
1114,12,24,7,18,12,11,0,13,0,-5,-1,-9,-7,6,2,Nets,0022300527,L
1115,17,25,16,25,6,9,1,12,0,5,1,9,7,-6,-2,Cavaliers,0022300527,W
1116,26,19,18,21,5,8,0,15,0,5,-5,5,-1,-4,-8,Mavericks,0022300530,W
1117,21,24,13,22,9,16,0,9,0,-5,5,-5,1,4,8,Knicks,0022300530,L
1118,26,28,10,26,3,6,2,12,0,6,6,0,5,-6,-4,Suns,0022300531,W
1119,20,22,10,21,9,10,1,12,0,-6,-6,0,-5,6,4,Lakers,0022300531,L
1120,29,20,18,28,4,7,0,13,0,14,-19,11,5,-3,-8,Thunder,0022300529,W
1121,15,39,7,23,7,15,0,9,0,-14,19,-11,-5,3,8,Trail Blazers,0022300529,L
1122,18,26,13,18,5,11,0,11,0,-7,10,3,-4,-2,4,Grizzlies,0022300537,L
1123,25,16,10,22,7,7,1,7,0,7,-10,-3,4,2,-4,Clippers,0022300537,W
1124,23,25,12,22,4,5,0,9,0,6,-6,6,-2,-6,-4,76ers,0022300532,W
1125,17,31,6,24,10,9,0,11,0,-6,6,-6,2,6,4,Kings,0022300532,L
1126,24,17,13,24,5,11,2,10,0,11,-8,-5,5,-4,1,Timberwolves,0022300538,W
1127,13,25,18,19,9,10,0,9,0,-11,8,5,-5,4,-1,Trail Blazers,0022300538,L
1128,23,27,12,16,6,4,1,10,0,-8,12,8,-9,-5,-7,Hawks,0022300533,L
1129,31,15,4,25,11,11,0,11,0,8,-12,-8,9,5,7,Pacers,0022300533,W
1130,22,24,8,23,7,8,0,13,0,1,1,-1,2,2,-1,Heat,0022300535,W
1131,21,23,9,21,5,9,0,11,0,-1,-1,1,-2,-2,1,Magic,0022300535,L
1132,23,22,11,18,2,5,0,12,0,-6,9,5,0,-5,-4,Warriors,0022300536,W
1133,29,13,6,18,7,9,1,13,0,6,-9,-5,0,5,4,Bulls,0022300536,L
1134,20,27,4,17,4,3,0,12,0,-7,8,-1,-8,-1,-2,Pelicans,0022300539,L
1135,27,19,5,25,5,5,0,10,0,7,-8,1,8,1,2,Nuggets,0022300539,W
1136,20,21,22,25,8,9,0,10,0,6,-15,9,2,1,-6,Spurs,0022300541,W
1137,14,36,13,23,7,15,1,12,0,-6,15,-9,-2,-1,6,Hornets,0022300541,L
1138,21,24,16,31,7,12,0,8,0,8,1,-4,17,0,0,Jazz,0022300540,W
1139,13,23,20,14,7,12,0,12,0,-8,-1,4,-17,0,0,Raptors,0022300540,L
1140,20,25,15,21,6,6,1,11,0,-4,6,13,-1,-4,-5,Rockets,0022300534,W
1141,24,19,2,22,10,11,0,15,0,4,-6,-13,1,4,5,Pistons,0022300534,L
1142,23,23,3,27,7,7,0,10,0,-1,-5,-1,5,5,1,Bucks,0022300545,W
1143,24,28,4,22,2,6,0,15,0,1,5,1,-5,-5,-1,Warriors,0022300545,L
1144,19,26,9,23,5,11,2,14,0,3,3,-7,0,0,1,Mavericks,0022300547,L
1145,16,23,16,23,5,10,0,12,0,-3,-3,7,0,0,-1,Pelicans,0022300547,W
1146,18,29,11,24,6,6,1,13,0,-8,8,5,1,3,-1,Spurs,0022300548,L
1147,26,21,6,23,3,7,1,14,0,8,-8,-5,-1,-3,1,Bulls,0022300548,W
1148,25,29,8,25,4,10,1,11,0,1,8,-8,2,-2,4,Jazz,0022300549,W
1149,24,21,16,23,6,6,0,10,0,-1,-8,8,-2,2,-4,Lakers,0022300549,L
1150,23,18,15,19,7,8,0,10,0,2,-7,4,-3,0,-4,Celtics,0022300542,W
1151,21,25,11,22,7,12,0,10,0,-2,7,-4,3,0,4,Rockets,0022300542,L
1152,21,24,10,27,8,8,1,9,0,5,-12,0,0,2,2,Wizards,0022300543,W
1153,16,36,10,27,6,6,0,12,0,-5,12,0,0,-2,-2,Hawks,0022300543,L
1154,22,24,6,17,5,7,0,13,0,2,2,-2,-10,-9,0,Grizzlies,0022300544,L
1155,20,22,8,27,14,7,0,7,0,-2,-2,2,10,9,0,Knicks,0022300544,W
1156,19,29,9,25,3,9,0,11,0,3,3,-1,-3,-6,-3,Thunder,0022300546,W
1157,16,26,10,28,9,12,0,10,0,-3,-3,1,3,6,3,Magic,0022300546,L
1158,18,17,5,21,9,9,0,8,0,1,-6,-1,4,3,2,Timberwolves,0022300553,W
1159,17,23,6,17,6,7,0,10,0,-1,6,1,-4,-3,-2,Clippers,0022300553,L
1160,22,13,19,15,6,8,1,11,0,-4,-14,14,-5,4,-3,Bucks,0022300552,W
1161,26,27,5,20,2,11,0,9,0,4,14,-14,5,-4,3,Kings,0022300552,L
1162,20,24,9,25,5,6,2,10,0,7,-9,4,-1,-4,-4,Heat,0022300551,W
1163,13,33,5,26,9,10,1,11,0,-7,9,-4,1,4,4,Hornets,0022300551,L
1164,23,25,13,24,9,14,1,16,0,1,12,-3,7,0,0,Pacers,0022300550,L
1165,22,13,16,17,9,14,0,13,0,-1,-12,3,-7,0,0,Nuggets,0022300550,W
1166,24,20,16,23,6,12,1,12,0,4,-7,4,6,-1,-1,Suns,0022300554,W
1167,20,27,12,17,7,13,1,11,0,-4,7,-4,-6,1,1,Trail Blazers,0022300554,L
1168,28,26,4,34,6,10,0,12,0,16,-7,-5,14,-4,5,Hawks,0022300559,W
1169,12,33,9,20,10,5,1,14,0,-16,7,5,-14,4,-5,Spurs,0022300559,L
1170,24,21,15,26,6,6,0,10,0,6,-6,4,7,-2,-9,Jazz,0022300564,W
1171,18,27,11,19,8,15,0,18,0,-6,6,-4,-7,2,9,Pacers,0022300564,L
1172,20,23,18,22,4,9,0,10,0,2,-1,9,0,-6,-5,76ers,0022300555,W
1173,18,24,9,22,10,14,0,14,0,-2,1,-9,0,6,5,Rockets,0022300555,L
1174,24,20,9,27,9,10,0,11,0,1,-8,2,9,6,1,Pistons,0022300558,W
1175,23,28,7,18,3,9,0,10,0,-1,8,-2,-9,-6,-1,Wizards,0022300558,L
1176,17,28,14,21,5,8,0,11,0,-6,6,9,-3,-3,-3,Grizzlies,0022300560,W
1177,23,22,5,24,8,11,0,12,0,6,-6,-9,3,3,3,Warriors,0022300560,L
1178,18,26,13,25,3,11,0,9,0,-1,2,3,4,0,-1,Knicks,0022300557,L
1179,19,24,10,21,3,12,0,11,0,1,-2,-3,-4,0,1,Magic,0022300557,W
1180,20,25,2,20,7,9,1,12,0,-2,-3,-3,-6,2,6,Bulls,0022300561,L
1181,22,28,5,26,5,3,0,13,0,2,3,3,6,-2,-6,Cavaliers,0022300561,W
1182,20,24,12,27,6,5,0,11,0,-1,-6,3,4,4,-5,Celtics,0022300563,W
1183,21,30,9,23,2,10,1,11,0,1,6,-3,-4,-4,5,Raptors,0022300563,L
1184,18,26,15,22,8,16,3,16,0,0,8,-8,5,3,4,Mavericks,0022300556,W
1185,18,18,23,17,5,12,0,11,0,0,-8,8,-5,-3,-4,Pelicans,0022300556,L
1186,20,28,6,27,4,7,0,9,0,2,-2,-1,2,1,0,Lakers,0022300565,W
1187,18,30,7,25,3,7,1,14,0,-2,2,1,-2,-1,0,Thunder,0022300565,L
1188,18,31,6,31,3,7,0,10,0,7,0,-3,8,-3,1,Nets,0022300562,L
1189,11,31,9,23,6,6,0,11,0,-7,0,3,-8,3,-1,Heat,0022300562,W
1190,18,24,11,22,8,7,0,11,0,-10,-1,8,5,4,-1,Suns,0022300567,W
1191,28,25,3,17,4,8,1,11,0,10,1,-8,-5,-4,1,Kings,0022300567,L
1192,22,20,8,14,3,9,0,13,0,0,0,-5,-8,-3,2,Thunder,0022300568,L
1193,22,20,13,22,6,7,1,10,0,0,0,5,8,3,-2,Clippers,0022300568,W
1194,28,14,16,13,3,14,0,8,0,0,-6,-3,-9,-1,4,76ers,0022300566,W
1195,28,20,19,22,4,10,0,10,0,0,6,3,9,1,-4,Nuggets,0022300566,L
1196,17,30,8,21,4,10,1,15,0,2,6,-8,-8,-5,-2,Rockets,0022300573,L
1197,15,24,16,29,9,12,0,10,0,-2,-6,8,8,5,2,Knicks,0022300573,W
1198,18,28,7,16,7,6,1,10,0,-11,9,0,-8,5,-2,Heat,0022300574,L
1199,29,19,7,24,2,8,0,11,0,11,-9,0,8,-5,2,Raptors,0022300574,W
1200,16,34,4,18,4,6,0,10,0,-11,11,-1,-18,-2,1,Bucks,0022300572,L
1201,27,23,5,36,6,5,1,11,0,11,-11,1,18,2,-1,Cavaliers,0022300572,W
1202,19,18,8,18,14,6,1,10,0,-2,-10,0,-4,7,-2,Hawks,0022300570,W
1203,21,28,8,22,7,8,0,11,0,2,10,0,4,-7,2,Magic,0022300570,L
1204,27,18,4,23,5,4,0,12,0,8,-12,1,3,-1,-1,Celtics,0022300571,W
1205,19,30,3,20,6,5,0,11,0,-8,12,-1,-3,1,1,Spurs,0022300571,L
1206,20,20,6,17,5,5,1,12,0,-2,-3,2,-3,1,2,Nets,0022300578,L
1207,22,23,4,20,4,3,0,11,0,2,3,-2,3,-1,-2,Trail Blazers,0022300578,W
1208,26,24,8,20,5,11,0,14,0,-1,1,-5,-6,1,5,Pistons,0022300569,L
1209,27,23,13,26,4,6,0,9,0,1,-1,5,6,-1,-5,Timberwolves,0022300569,W
1210,20,26,11,22,6,7,0,14,0,-3,-1,2,-4,0,-1,Mavericks,0022300577,L
1211,23,27,9,26,6,8,0,10,0,3,1,-2,4,0,1,Lakers,0022300577,W
1212,21,32,10,24,6,8,1,12,0,-2,14,2,2,-3,-1,Hornets,0022300575,L
1213,23,18,8,22,9,9,0,12,0,2,-14,-2,-2,3,1,Pelicans,0022300575,W
1214,28,18,9,17,4,9,0,14,0,7,0,-3,1,-3,-2,Pacers,0022300583,W
1215,21,18,12,16,7,11,1,12,0,-7,0,3,-1,3,2,Kings,0022300583,L
1216,17,27,8,25,10,9,1,8,0,0,2,-2,2,4,2,Knicks,0022300579,W
1217,17,25,10,23,6,7,2,10,0,0,-2,2,-2,-4,-2,Wizards,0022300579,L
1218,23,21,9,16,6,10,2,12,0,-2,1,-1,-7,-1,-2,Raptors,0022300580,L
1219,25,20,10,23,7,12,0,14,0,2,-1,1,7,1,2,Bulls,0022300580,W
1220,22,25,5,23,8,8,0,10,0,2,0,-1,2,-2,3,Grizzlies,0022300582,L
1221,20,25,6,21,10,5,1,9,0,-2,0,1,-2,2,-3,Timberwolves,0022300582,W
1222,30,20,10,20,5,13,0,14,0,8,1,-7,5,-5,3,Thunder,0022300581,W
1223,22,19,17,15,10,10,0,9,0,-8,-1,7,-5,5,-3,Jazz,0022300581,L
1224,26,23,9,22,4,2,2,10,0,1,1,7,3,-1,-6,Lakers,0022300591,L
1225,25,22,2,19,5,8,1,11,0,-1,-1,-7,-3,1,6,Nets,0022300591,W
1226,22,24,7,21,5,8,0,12,0,1,-2,0,-1,-2,0,Hawks,0022300587,W
1227,21,26,7,22,7,8,0,9,0,-1,2,0,1,2,0,Heat,0022300587,L
1228,22,21,18,16,4,11,0,10,0,-1,1,8,-4,-8,-2,76ers,0022300585,W
1229,23,20,10,20,12,13,1,12,0,1,-1,-8,4,8,2,Magic,0022300585,L
1230,26,18,11,25,6,8,1,9,0,7,-9,5,9,-1,-1,Trail Blazers,0022300590,W
1231,19,27,6,16,7,9,0,18,0,-7,9,-5,-9,1,1,Pacers,0022300590,L
1232,25,26,16,27,3,12,0,13,0,7,-1,0,8,-5,1,Suns,0022300588,W
1233,18,27,16,19,8,11,1,12,0,-7,1,0,-8,5,-1,Pelicans,0022300588,L
1234,22,25,7,20,1,10,0,9,0,-1,8,1,0,-5,3,Celtics,0022300586,L
1235,23,17,6,20,6,7,0,10,0,1,-8,-1,0,5,-3,Nuggets,0022300586,W
1236,25,20,7,18,6,7,0,13,0,0,2,-3,-5,-2,1,Spurs,0022300584,L
1237,25,18,10,23,8,6,1,14,0,0,-2,3,5,2,-1,Hornets,0022300584,W
1238,24,18,4,28,13,9,1,9,0,2,-6,-3,16,9,1,Knicks,0022300596,W
1239,22,24,7,12,4,8,1,11,0,-2,6,3,-16,-9,-1,Raptors,0022300596,L
1240,16,24,15,23,4,5,0,8,0,-3,-4,10,-2,-1,-4,76ers,0022300593,W
1241,19,28,5,25,5,9,1,12,0,3,4,-10,2,1,4,Hornets,0022300593,L
1242,26,20,18,23,5,6,0,10,0,2,-3,6,3,1,-5,Bucks,0022300592,W
1243,24,23,12,20,4,11,1,17,0,-2,3,-6,-3,-1,5,Pistons,0022300592,L
1244,18,22,12,23,13,14,1,13,0,0,-2,-6,2,7,5,Timberwolves,0022300599,L
1245,18,24,18,21,6,9,0,14,0,0,2,6,-2,-7,-5,Thunder,0022300599,W
1246,29,20,8,22,7,8,0,11,0,3,-2,-3,4,2,0,Spurs,0022300594,W
1247,26,22,11,18,5,8,2,8,0,-3,2,3,-4,-2,0,Wizards,0022300594,L
1248,25,30,7,29,4,9,0,11,0,6,2,-2,7,-4,0,Rockets,0022300598,W
1249,19,28,9,22,8,9,0,9,0,-6,-2,2,-7,4,0,Jazz,0022300598,L
1250,16,23,3,20,9,4,0,13,0,-3,-1,-3,-4,2,0,Grizzlies,0022300597,L
1251,19,24,6,24,7,4,0,11,0,3,1,3,4,-2,0,Bulls,0022300597,W
1252,21,24,11,27,7,7,0,12,0,2,-5,7,5,0,-3,Cavaliers,0022300595,W
1253,19,29,4,22,7,10,0,12,0,-2,5,-7,-5,0,3,Hawks,0022300595,L
1254,23,22,6,25,7,11,0,11,0,6,-3,-7,4,1,4,Nets,0022300600,L
1255,17,25,13,21,6,7,1,9,0,-6,3,7,-4,-1,-4,Clippers,0022300600,W
1256,20,24,12,19,7,9,0,11,0,-6,-5,2,-9,2,3,Rockets,0022300603,L
1257,26,29,10,28,5,6,0,11,0,6,5,-2,9,-2,-3,Celtics,0022300603,W
1258,25,20,12,21,3,6,2,10,0,4,-4,4,1,-3,-4,Lakers,0022300605,W
1259,21,24,8,20,6,10,1,11,0,-4,4,-4,-1,3,4,Trail Blazers,0022300605,L
1260,26,17,10,21,10,10,0,15,0,2,-13,1,0,4,-1,Suns,0022300604,W
1261,24,30,9,21,6,11,1,15,0,-2,13,-1,0,-4,1,Pacers,0022300604,L
1262,14,26,13,21,7,9,0,12,0,-5,3,2,-2,1,2,Heat,0022300601,L
1263,19,23,11,23,6,7,0,16,0,5,-3,-2,2,-1,-2,Magic,0022300601,W
1264,26,21,8,25,6,10,1,13,0,8,-2,-5,10,-4,2,Nuggets,0022300602,W
1265,18,23,13,15,10,8,0,10,0,-8,2,5,-10,4,-2,Wizards,0022300602,L
1266,23,25,13,21,3,8,0,13,0,0,-1,8,-1,-2,0,Celtics,0022300611,W
1267,23,26,5,22,5,8,0,15,0,0,1,-8,1,2,0,Mavericks,0022300611,L
1268,21,24,15,24,8,14,0,14,0,2,-3,-4,3,4,3,Pistons,0022300606,L
1269,19,27,19,21,4,11,0,11,0,-2,3,4,-3,-4,-3,Bucks,0022300606,W
1270,18,21,12,16,6,4,0,12,0,-10,-2,10,-7,1,-7,Suns,0022300612,W
1271,28,23,2,23,5,11,1,12,0,10,2,-10,7,-1,7,Bulls,0022300612,L
1272,24,14,15,15,8,6,0,9,0,-1,-1,4,1,1,-5,Timberwolves,0022300610,L
1273,25,15,11,14,7,11,0,12,0,1,1,-4,-1,-1,5,Hornets,0022300610,W
1274,22,21,6,21,8,5,0,8,0,4,-1,0,-4,-3,1,Grizzlies,0022300609,W
1275,18,22,6,25,11,4,1,12,0,-4,1,0,4,3,-1,Raptors,0022300609,L
1276,22,24,7,20,3,9,0,14,0,-1,-3,-11,-7,1,2,Spurs,0022300608,L
1277,23,27,18,27,2,7,0,9,0,1,3,11,7,-1,-2,76ers,0022300608,W
1278,12,38,16,29,4,5,0,13,0,-11,12,12,-2,-1,-6,Hawks,0022300613,L
1279,23,26,4,31,5,11,0,14,0,11,-12,-12,2,1,6,Kings,0022300613,W
1280,25,17,13,20,4,10,0,13,0,9,-2,-4,4,-7,0,Cavaliers,0022300607,W
1281,16,19,17,16,11,10,0,16,0,-9,2,4,-4,7,0,Magic,0022300607,L
1282,19,25,8,24,7,7,0,8,0,-1,-6,5,1,1,-1,Knicks,0022300615,W
1283,20,31,3,23,6,8,0,9,0,1,6,-5,-1,-1,1,Nets,0022300615,L
1284,29,20,11,29,6,10,0,16,0,7,-5,2,11,1,2,Pelicans,0022300616,W
1285,22,25,9,18,5,8,0,11,0,-7,5,-2,-11,-1,-2,Jazz,0022300616,L
1286,25,16,10,19,5,6,0,10,0,2,-10,3,1,1,-1,Pacers,0022300614,L
1287,23,26,7,18,4,7,0,10,0,-2,10,-3,-1,-1,1,Nuggets,0022300614,W
1288,33,17,4,17,4,10,0,8,0,9,-5,-11,-3,-2,4,Clippers,0022300618,W
1289,24,22,15,20,6,6,0,11,0,-9,5,11,3,2,-4,Lakers,0022300618,L
1290,23,21,10,23,10,13,0,13,0,1,1,-8,2,0,5,Trail Blazers,0022300617,L
1291,22,20,18,21,10,8,0,13,0,-1,-1,8,-2,0,-5,Thunder,0022300617,W
1292,24,18,5,21,10,11,0,14,0,5,-8,-9,-1,3,7,Thunder,0022300622,W
1293,19,26,14,22,7,4,0,14,0,-5,8,9,1,-3,-7,Spurs,0022300622,L
1294,25,22,12,21,4,8,0,12,0,1,-4,3,-4,-2,-1,Warriors,0022300626,W
1295,24,26,9,25,6,9,0,12,0,-1,4,-3,4,2,1,Hawks,0022300626,L
1296,20,24,7,23,4,7,3,12,0,-2,1,4,1,-1,-1,Hornets,0022300619,L
1297,22,23,3,22,5,8,0,12,0,2,-1,-4,-1,1,1,Pistons,0022300619,W
1298,21,21,9,19,9,16,0,16,0,2,-2,-9,-3,1,5,Mavericks,0022300625,L
1299,19,23,18,22,8,11,0,11,0,-2,2,9,3,-1,-5,Suns,0022300625,W
1300,21,22,5,18,7,7,0,13,0,-2,-3,-3,-8,1,2,Cavaliers,0022300624,L
1301,23,25,8,26,6,5,0,10,0,2,3,3,8,-1,-2,Bucks,0022300624,W
1302,19,34,19,25,3,11,0,12,0,-1,15,3,-2,-7,-2,Timberwolves,0022300620,W
1303,20,19,16,27,10,13,0,13,0,1,-15,-3,2,7,2,Wizards,0022300620,L
1304,23,18,12,19,4,9,1,9,0,3,-5,-3,-1,0,-1,Rockets,0022300623,L
1305,20,23,15,20,4,10,1,11,0,-3,5,3,1,0,1,Trail Blazers,0022300623,W
1306,17,23,6,25,12,11,0,13,0,4,-3,-8,2,2,4,Grizzlies,0022300621,W
1307,13,26,14,23,10,7,0,12,0,-4,3,8,-2,-2,-4,Heat,0022300621,L
1308,16,25,7,20,9,9,0,12,0,-6,4,-4,-4,5,2,Nuggets,0022300631,L
1309,22,21,11,24,4,7,0,9,0,6,-4,4,4,-5,-2,Knicks,0022300631,W
1310,27,15,12,21,5,5,1,10,0,1,-7,5,6,3,-1,Celtics,0022300630,W
1311,26,22,7,15,2,6,0,13,0,-1,7,-5,-6,-3,1,Heat,0022300630,L
1312,19,25,5,18,6,8,1,11,0,-4,6,-5,-2,1,2,Nets,0022300629,L
1313,23,19,10,20,5,6,0,9,0,4,-6,5,2,-1,-2,Timberwolves,0022300629,W
1314,24,22,14,15,4,7,0,11,0,-2,6,4,-1,0,-3,Warriors,0022300632,L
1315,26,16,10,16,4,10,0,10,0,2,-6,-4,1,0,3,Kings,0022300632,W
1316,22,23,19,18,5,12,0,12,0,-5,1,8,-7,-2,-2,76ers,0022300627,L
1317,27,22,11,25,7,14,0,11,0,5,-1,-8,7,2,2,Pacers,0022300627,W
1318,27,17,12,15,4,6,1,12,0,4,-10,7,-10,-4,-4,Lakers,0022300633,W
1319,23,27,5,25,8,10,2,15,0,-4,10,-7,10,4,4,Bulls,0022300633,L
1320,26,26,5,29,9,9,0,7,0,4,4,-7,12,3,3,Jazz,0022300628,W
1321,22,22,12,17,6,6,0,10,0,-4,-4,7,-12,-3,-3,Wizards,0022300628,L
1322,16,27,7,27,11,8,0,13,0,-3,-2,-2,2,9,1,Pelicans,0022300640,L
1323,19,29,9,25,2,7,1,14,0,3,2,2,-2,-9,-1,Thunder,0022300640,W
1324,23,20,14,18,5,6,0,11,0,-4,3,10,1,-1,-6,Hawks,0022300634,L
1325,27,17,4,17,6,12,1,11,0,4,-3,-10,-1,1,6,Mavericks,0022300634,W
1326,25,20,8,21,7,11,1,10,0,3,2,-7,6,4,3,Grizzlies,0022300638,W
1327,22,18,15,15,3,8,1,13,0,-3,-2,7,-6,-4,-3,Magic,0022300638,L
1328,22,22,12,26,9,17,0,12,0,6,-11,-11,-2,2,4,Bucks,0022300639,L
1329,16,33,23,28,7,13,0,15,0,-6,11,11,2,-2,-4,Cavaliers,0022300639,W
1330,30,14,13,20,12,7,0,13,0,-1,-12,8,-1,4,-3,Suns,0022300636,L
1331,31,26,5,21,8,10,1,11,0,1,12,-8,1,-4,3,Pacers,0022300636,W
1332,21,29,9,23,5,9,1,12,0,-5,6,-1,-2,-1,1,Raptors,0022300637,L
1333,26,23,10,25,6,8,0,9,0,5,-6,1,2,1,-1,Clippers,0022300637,W
1334,23,31,12,30,8,7,0,12,0,2,6,2,10,0,-3,Spurs,0022300641,W
1335,21,25,10,20,8,10,0,11,0,-2,-6,-2,-10,0,3,Trail Blazers,0022300641,L
1336,20,29,15,26,2,10,1,12,0,2,3,-1,-1,-4,-3,Rockets,0022300635,W
1337,18,26,16,27,6,13,0,11,0,-2,-3,1,1,4,3,Hornets,0022300635,L
1338,32,17,6,29,6,6,0,5,0,12,-13,0,14,1,-2,Jazz,0022300647,W
1339,20,30,6,15,5,8,0,9,0,-12,13,0,-14,-1,2,Hornets,0022300647,L
1340,26,19,15,20,6,9,0,11,0,1,-6,9,-2,-4,-5,Lakers,0022300650,W
1341,25,25,6,22,10,14,0,14,0,-1,6,-9,2,4,5,Warriors,0022300650,L
1342,15,36,5,27,4,8,0,11,0,-6,8,-6,-4,0,1,Celtics,0022300646,L
1343,21,28,11,31,4,7,0,10,0,6,-8,6,4,0,-1,Clippers,0022300646,W
1344,18,27,10,18,1,6,1,12,0,-5,3,2,-12,-3,-1,Heat,0022300643,L
1345,23,24,8,30,4,7,0,9,0,5,-3,-2,12,3,1,Knicks,0022300643,W
1346,22,20,18,18,5,8,1,11,0,-4,7,9,1,-2,-6,Nuggets,0022300644,W
1347,26,13,9,17,7,14,0,16,0,4,-7,-9,-1,2,6,76ers,0022300644,L
1348,19,34,5,24,5,12,1,14,0,-5,13,-5,1,1,5,Mavericks,0022300651,L
1349,24,21,10,23,4,7,0,15,0,5,-13,5,-1,-1,-5,Kings,0022300651,W
1350,23,18,11,21,6,12,0,9,0,9,-9,2,1,-4,1,Nets,0022300645,W
1351,14,27,9,20,10,11,0,16,0,-9,9,-2,-1,4,-1,Rockets,0022300645,L
1352,22,21,7,18,10,10,0,12,0,-3,6,-5,-1,3,5,Spurs,0022300649,W
1353,25,15,12,19,7,5,0,10,0,3,-6,5,1,-3,-5,Timberwolves,0022300649,L
1354,21,21,18,24,10,9,0,12,0,-4,-9,12,4,6,-2,Pistons,0022300642,L
1355,25,30,6,20,4,11,1,11,0,4,9,-12,-4,-6,2,Wizards,0022300642,W
1356,29,19,6,20,2,8,1,11,0,5,-1,-3,2,-3,1,Bucks,0022300648,W
1357,24,20,9,18,5,7,0,17,0,-5,1,3,-2,3,-1,Pelicans,0022300648,L
1358,21,26,5,23,6,7,0,13,0,1,6,1,3,-1,-1,Grizzlies,0022300652,L
1359,20,20,4,20,7,8,0,13,0,-1,-6,-1,-3,1,1,Pacers,0022300652,W
1360,20,25,18,25,6,9,1,12,0,-1,3,7,4,0,-3,Hawks,0022300653,W
1361,21,22,11,21,6,12,0,11,0,1,-3,-7,-4,0,3,Raptors,0022300653,L
1362,27,28,14,27,1,7,0,10,0,1,8,7,6,-4,-4,Pistons,0022300654,W
1363,26,20,7,21,5,11,0,11,0,-1,-8,-7,-6,4,4,Thunder,0022300654,L
1364,24,20,4,19,1,7,1,11,0,8,-5,-4,-3,-6,0,Bulls,0022300656,W
1365,16,25,8,22,7,7,0,9,0,-8,5,4,3,6,0,Trail Blazers,0022300656,L
1366,24,12,11,20,12,9,0,11,0,4,-16,2,5,8,-1,Suns,0022300655,L
1367,20,28,9,15,4,10,1,11,0,-4,16,-2,-5,-8,1,Magic,0022300655,W
1368,21,22,12,22,10,6,0,12,0,0,-3,1,-1,3,-2,Wizards,0022300665,W
1369,21,25,11,23,7,8,0,16,0,0,3,-1,1,-3,2,Spurs,0022300665,L
1370,28,15,11,17,7,16,0,12,0,7,1,-6,4,-2,5,Magic,0022300666,L
1371,21,14,17,13,9,11,1,10,0,-7,-1,6,-4,2,-5,Mavericks,0022300666,W
1372,20,26,13,19,4,9,0,13,0,-3,4,3,-3,-1,-4,76ers,0022300668,L
1373,23,22,10,22,5,13,1,11,0,3,-4,-3,3,1,4,Trail Blazers,0022300668,W
1374,24,24,12,27,3,8,1,10,0,7,-7,3,3,-3,-5,Suns,0022300661,W
1375,17,31,9,24,6,13,1,14,0,-7,7,-3,-3,3,5,Heat,0022300661,L
1376,18,26,7,25,4,5,0,8,0,0,-1,4,0,-2,-1,Knicks,0022300657,W
1377,18,27,3,25,6,6,2,9,0,0,1,-4,0,2,1,Hornets,0022300657,L
1378,24,23,6,21,4,5,0,11,0,4,-2,0,0,-2,-2,Pelicans,0022300659,L
1379,20,25,6,21,6,7,0,10,0,-4,2,0,0,2,2,Celtics,0022300659,W
1380,18,24,8,23,6,10,0,13,0,1,2,-3,1,-2,1,Timberwolves,0022300664,W
1381,17,22,11,22,8,9,0,14,0,-1,-2,3,-1,2,-1,Thunder,0022300664,L
1382,16,28,16,18,4,6,0,11,0,-4,4,10,-14,-8,-4,Grizzlies,0022300663,L
1383,20,24,6,32,12,10,0,12,0,4,-4,-10,14,8,4,Kings,0022300663,W
