,GAME_ID,TEAM_NAME,WL
0,0022300062,Warriors,L
1,0022300062,Suns,W
2,0022300061,Nuggets,W
3,0022300061,Lakers,L
4,0022300069,Raptors,W
5,0022300067,Cavaliers,W
6,0022300073,Mavericks,W
7,0022300068,Heat,W
8,0022300072,Kings,W
9,0022300071,Pelicans,W
10,0022300068,Pistons,L
11,0022300065,Celtics,W
12,0022300074,Trail Blazers,L
13,0022300074,Clippers,W
14,0022300065,Knicks,L
15,0022300070,Thunder,W
16,0022300066,Rockets,L
17,0022300071,Grizzlies,L
18,0022300066,Magic,W
19,0022300073,Spurs,L
20,0022300067,Nets,L
21,0022300069,Timberwolves,L
22,0022300063,Hawks,L
23,0022300070,Bulls,L
24,0022300072,Jazz,L
25,0022300063,Hornets,W
26,0022300064,Pacers,W
27,0022300064,Wizards,L
28,0022300075,76ers,L
29,0022300076,Lakers,W
30,0022300075,Bucks,W
31,0022300076,Suns,L
32,0022300084,Mavericks,W
33,0022300085,Clippers,L
34,0022300087,Kings,L
35,0022300084,Nets,L
36,0022300082,Raptors,L
37,0022300085,Jazz,W
38,0022300080,Celtics,W
39,0022300081,Thunder,W
40,0022300079,Knicks,W
41,0022300078,Nuggets,W
42,0022300079,Hawks,L
43,0022300078,Grizzlies,L
44,0022300086,Magic,W
45,0022300077,Hornets,L
46,0022300083,Spurs,W
47,0022300087,Warriors,W
48,0022300086,Trail Blazers,L
49,0022300083,Rockets,L
50,0022300082,Bulls,W
51,0022300077,Pistons,W
52,0022300080,Heat,L
53,0022300081,Cavaliers,L
54,0022300094,Suns,W
55,0022300089,Grizzlies,L
56,0022300092,Raptors,L
57,0022300090,Pelicans,W
58,0022300093,Heat,L
59,0022300093,Timberwolves,W
60,0022300092,76ers,W
61,0022300094,Jazz,L
62,0022300088,Bulls,L
63,0022300090,Knicks,L
64,0022300088,Pistons,W
65,0022300091,Cavaliers,L
66,0022300089,Wizards,W
67,0022300091,Pacers,W
68,0022300099,Clippers,W
69,0022300098,76ers,W
70,0022300097,Hawks,W
71,0022300095,Thunder,L
72,0022300096,Rockets,L
73,0022300099,Spurs,L
74,0022300100,Kings,W
75,0022300096,Warriors,W
76,0022300098,Trail Blazers,L
77,0022300095,Nuggets,W
78,0022300097,Bucks,L
79,0022300100,Lakers,L
80,0022300102,Bulls,W
81,0022300108,Warriors,W
82,0022300105,Trail Blazers,W
83,0022300109,Pistons,L
84,0022300104,Timberwolves,L
85,0022300108,Pelicans,L
86,0022300104,Hawks,W
87,0022300101,Nets,W
88,0022300103,Wizards,L
89,0022300101,Hornets,L
90,0022300106,Grizzlies,L
91,0022300105,Raptors,L
92,0022300109,Thunder,W
93,0022300103,Celtics,W
94,0022300102,Pacers,L
95,0022300106,Mavericks,W
96,0022300111,Magic,L
97,0022300111,Lakers,W
98,0022300107,Bucks,W
99,0022300110,Nuggets,W
100,0022300110,Jazz,L
101,0022300107,Heat,L
102,0022300114,Magic,L
103,0022300112,Knicks,W
104,0022300113,Spurs,W
105,0022300114,Clippers,W
106,0022300112,Cavaliers,L
107,0022300113,Suns,L
108,0022300116,Raptors,W
109,0022300123,Nuggets,L
110,0022300120,Cavaliers,W
111,0022300116,Bucks,L
112,0022300119,Heat,L
113,0022300118,Pacers,L
114,0022300117,Wizards,L
115,0022300119,Nets,W
116,0022300125,Jazz,W
117,0022300126,Warriors,W
118,0022300125,Grizzlies,L
119,0022300122,Hornets,L
120,0022300127,Clippers,L
121,0022300121,Thunder,L
122,0022300122,Rockets,W
123,0022300117,Hawks,W
124,0022300115,Trail Blazers,W
125,0022300124,Bulls,L
126,0022300115,Pistons,L
127,0022300118,Celtics,W
128,0022300123,Timberwolves,W
129,0022300124,Mavericks,W
130,0022300126,Kings,L
131,0022300120,Knicks,L
132,0022300127,Lakers,W
133,0022300121,Pelicans,W
134,0022300130,Magic,W
135,0022300128,76ers,W
136,0022300129,Pistons,L
137,0022300130,Jazz,L
138,0022300131,Suns,L
139,0022300128,Raptors,L
140,0022300129,Pelicans,W
141,0022300131,Spurs,W
142,0022300004,Nets,W
143,0022300001,Cavaliers,L
144,0022300004,Bulls,L
145,0022300002,Bucks,W
146,0022300007,Grizzlies,L
147,0022300003,Heat,W
148,0022300005,Warriors,W
149,0022300001,Pacers,W
150,0022300003,Wizards,L
151,0022300005,Thunder,L
152,0022300006,Nuggets,W
153,0022300006,Mavericks,L
154,0022300002,Knicks,L
155,0022300007,Trail Blazers,W
156,0022300133,Hornets,W
157,0022300132,Suns,L
158,0022300139,Nuggets,W
159,0022300136,Celtics,W
160,0022300136,Nets,L
161,0022300138,Jazz,L
162,0022300139,Bulls,L
163,0022300134,Lakers,L
164,0022300132,76ers,W
165,0022300133,Pacers,L
166,0022300135,Pelicans,L
167,0022300137,Kings,L
168,0022300135,Hawks,W
169,0022300137,Rockets,W
170,0022300138,Timberwolves,W
171,0022300134,Magic,W
172,0022300140,Suns,W
173,0022300144,Grizzlies,W
174,0022300140,Pistons,L
175,0022300143,Hornets,L
176,0022300143,Mavericks,W
177,0022300142,Warriors,L
178,0022300141,Raptors,W
179,0022300144,Trail Blazers,L
180,0022300142,Cavaliers,W
181,0022300141,Spurs,L
182,0022300156,Nuggets,W
183,0022300155,Thunder,W
184,0022300152,Jazz,L
185,0022300145,Warriors,W
186,0022300156,Pelicans,L
187,0022300145,Pistons,L
188,0022300153,Kings,L
189,0022300150,Lakers,L
190,0022300154,Celtics,L
191,0022300147,Magic,L
192,0022300153,Rockets,W
193,0022300147,Mavericks,W
194,0022300149,Nets,L
195,0022300151,Knicks,W
196,0022300148,Wizards,L
197,0022300146,Pacers,W
198,0022300148,76ers,W
199,0022300146,Spurs,L
200,0022300155,Hawks,L
201,0022300152,Bulls,W
202,0022300151,Clippers,L
203,0022300154,Timberwolves,W
204,0022300150,Heat,W
205,0022300149,Bucks,W
206,0022300160,Nets,W
207,0022300158,Pacers,W
208,0022300170,Trail Blazers,L
209,0022300166,Pelicans,L
210,0022300168,Raptors,W
211,0022300162,Suns,W
212,0022300162,Bulls,L
213,0022300169,Warriors,L
214,0022300163,Lakers,L
215,0022300157,Wizards,W
216,0022300165,Pistons,L
217,0022300164,Grizzlies,L
218,0022300161,Knicks,W
219,0022300169,Nuggets,W
220,0022300170,Kings,W
221,0022300167,Cavaliers,L
222,0022300167,Thunder,W
223,0022300165,Bucks,W
224,0022300160,Clippers,L
225,0022300168,Mavericks,L
226,0022300157,Hornets,L
227,0022300164,Heat,W
228,0022300159,76ers,W
229,0022300158,Jazz,L
230,0022300161,Spurs,L
231,0022300159,Celtics,L
232,0022300166,Timberwolves,W
233,0022300163,Rockets,W
234,0022300172,Hawks,W
235,0022300172,Magic,L
236,0022300171,Pacers,W
237,0022300171,Bucks,L
238,0022300011,Rockets,W
239,0022300013,Spurs,L
240,0022300016,Kings,W
241,0022300012,Jazz,W
242,0022300015,Suns,L
243,0022300009,Hornets,W
244,0022300013,Timberwolves,W
245,0022300008,76ers,W
246,0022300016,Thunder,L
247,0022300015,Lakers,W
248,0022300011,Pelicans,L
249,0022300014,Mavericks,W
250,0022300012,Grizzlies,L
251,0022300010,Nets,L
252,0022300014,Clippers,L
253,0022300010,Celtics,W
254,0022300008,Pistons,L
255,0022300009,Wizards,L
256,0022300176,Warriors,L
257,0022300174,Celtics,W
258,0022300173,Bucks,L
259,0022300174,Raptors,L
260,0022300175,Hawks,L
261,0022300176,Cavaliers,W
262,0022300173,Magic,W
263,0022300175,Heat,W
264,0022300179,Clippers,L
265,0022300185,Suns,L
266,0022300187,Lakers,W
267,0022300181,Pistons,L
268,0022300182,Nuggets,L
269,0022300187,Trail Blazers,L
270,0022300182,Rockets,W
271,0022300184,Spurs,L
272,0022300183,Mavericks,W
273,0022300180,Pacers,L
274,0022300186,Timberwolves,W
275,0022300181,Bulls,W
276,0022300178,Wizards,L
277,0022300178,Nets,W
278,0022300184,Heat,W
279,0022300177,Knicks,W
280,0022300179,Grizzlies,W
281,0022300185,Thunder,W
282,0022300186,Warriors,L
283,0022300183,Pelicans,L
284,0022300177,Hornets,L
285,0022300180,76ers,W
286,0022300188,Celtics,W
287,0022300189,Wizards,L
288,0022300191,Cavaliers,L
289,0022300190,Bulls,L
290,0022300189,Raptors,W
291,0022300190,Bucks,W
292,0022300191,Kings,W
293,0022300188,Knicks,L
294,0022300021,Spurs,L
295,0022300026,Lakers,W
296,0022300025,Timberwolves,W
297,0022300020,Magic,L
298,0022300021,Thunder,W
299,0022300017,Heat,W
300,0022300018,Pistons,L
301,0022300018,Hawks,W
302,0022300024,Clippers,L
303,0022300025,Warriors,L
304,0022300024,Nuggets,W
305,0022300023,Trail Blazers,L
306,0022300020,Nets,W
307,0022300026,Grizzlies,L
308,0022300022,Pelicans,W
309,0022300019,Pacers,W
310,0022300019,76ers,L
311,0022300023,Jazz,W
312,0022300022,Mavericks,L
313,0022300017,Hornets,L
314,0022300198,Kings,W
315,0022300199,Cavaliers,W
316,0022300196,Magic,W
317,0022300193,Knicks,W
318,0022300198,Lakers,L
319,0022300192,Wizards,L
320,0022300194,Celtics,W
321,0022300197,Timberwolves,L
322,0022300197,Suns,W
323,0022300195,Bucks,W
324,0022300195,Raptors,L
325,0022300194,76ers,L
326,0022300192,Mavericks,W
327,0022300193,Hawks,L
328,0022300199,Trail Blazers,L
329,0022300196,Bulls,L
330,0022300200,Heat,W
331,0022300200,Nets,L
332,0022300201,Warriors,L
333,0022300201,Thunder,W
334,0022300033,Bulls,L
335,0022300027,Bucks,W
336,0022300035,Suns,W
337,0022300034,Nuggets,L
338,0022300032,Spurs,L
339,0022300037,Clippers,W
340,0022300036,Lakers,W
341,0022300037,Rockets,L
342,0022300028,Knicks,W
343,0022300031,Celtics,W
344,0022300030,Cavaliers,W
345,0022300036,Trail Blazers,L
346,0022300032,Kings,W
347,0022300035,Jazz,L
348,0022300027,Hornets,L
349,0022300030,Pistons,L
350,0022300034,Pelicans,W
351,0022300029,Hawks,L
352,0022300033,Magic,W
353,0022300029,76ers,W
354,0022300031,Raptors,L
355,0022300028,Wizards,L
356,0022300203,Pelicans,L
357,0022300206,Grizzlies,W
358,0022300205,Bucks,W
359,0022300203,Timberwolves,W
360,0022300202,Knicks,W
361,0022300204,Bulls,W
362,0022300207,Warriors,L
363,0022300205,Mavericks,L
364,0022300206,Spurs,L
365,0022300207,Thunder,W
366,0022300204,Heat,L
367,0022300202,Hornets,L
368,0022300216,Lakers,W
369,0022300209,Pacers,L
370,0022300215,Thunder,W
371,0022300210,Cavaliers,W
372,0022300213,Celtics,W
373,0022300216,Rockets,L
374,0022300212,Kings,W
375,0022300215,Trail Blazers,L
376,0022300211,Pistons,L
377,0022300213,Grizzlies,L
378,0022300212,Mavericks,L
379,0022300209,Magic,W
380,0022300210,Nuggets,L
381,0022300214,Jazz,L
382,0022300208,76ers,W
383,0022300214,Suns,W
384,0022300208,Nets,L
385,0022300211,Raptors,W
386,0022300219,Bucks,W
387,0022300217,Celtics,L
388,0022300222,Pelicans,W
389,0022300217,Hornets,W
390,0022300218,Nuggets,W
391,0022300219,Wizards,L
392,0022300221,Timberwolves,W
393,0022300220,Bulls,L
394,0022300224,Warriors,W
395,0022300224,Rockets,L
396,0022300222,Kings,L
397,0022300223,Clippers,W
398,0022300218,Pistons,L
399,0022300220,Heat,W
400,0022300223,Spurs,L
401,0022300221,Knicks,L
402,0022300039,Pacers,W
403,0022300039,Hawks,L
404,0022300038,Magic,W
405,0022300041,Trail Blazers,L
406,0022300041,Suns,W
407,0022300042,Lakers,W
408,0022300042,Jazz,L
409,0022300038,Raptors,L
410,0022300040,Cavaliers,W
411,0022300040,76ers,L
412,0022300228,Celtics,W
413,0022300234,Thunder,W
414,0022300226,Nuggets,L
415,0022300230,Pacers,L
416,0022300238,Lakers,L
417,0022300231,Rockets,W
418,0022300235,Spurs,L
419,0022300228,Bucks,L
420,0022300225,Hornets,W
421,0022300229,Cavaliers,L
422,0022300233,Kings,L
423,0022300235,Clippers,W
424,0022300229,Heat,W
425,0022300237,Jazz,L
426,0022300227,Hawks,W
427,0022300227,Nets,L
428,0022300236,Suns,W
429,0022300231,Grizzlies,L
430,0022300233,Pelicans,W
431,0022300234,Bulls,L
432,0022300226,Magic,W
433,0022300238,Mavericks,W
434,0022300232,Timberwolves,W
435,0022300237,Trail Blazers,W
436,0022300225,Wizards,L
437,0022300232,76ers,L
438,0022300230,Raptors,W
439,0022300236,Warriors,L
440,0022300044,Suns,W
441,0022300046,Raptors,W
442,0022300052,Pelicans,W
443,0022300043,Magic,W
444,0022300049,Bucks,W
445,0022300043,Celtics,L
446,0022300045,Knicks,W
447,0022300046,Bulls,L
448,0022300047,Pistons,L
449,0022300051,Warriors,W
450,0022300051,Spurs,L
451,0022300050,Timberwolves,L
452,0022300052,Clippers,L
453,0022300048,Nuggets,L
454,0022300045,Heat,L
455,0022300044,Grizzlies,L
456,0022300050,Kings,W
457,0022300047,Pacers,W
458,0022300049,Wizards,L
459,0022300048,Rockets,W
460,0022300243,Pelicans,L
461,0022300241,Wizards,L
462,0022300244,Clippers,W
463,0022300242,Cavaliers,L
464,0022300240,Heat,L
465,0022300244,Mavericks,L
466,0022300242,Lakers,W
467,0022300241,Hawks,W
468,0022300240,Nets,W
469,0022300243,Jazz,W
470,0022300239,Thunder,L
471,0022300239,76ers,W
472,0022300247,Suns,W
473,0022300246,Hawks,L
474,0022300247,Knicks,L
475,0022300245,Trail Blazers,L
476,0022300250,Bulls,L
477,0022300251,Raptors,L
478,0022300248,Hornets,L
479,0022300249,Grizzlies,L
480,0022300250,Nets,W
481,0022300246,Celtics,W
482,0022300252,Nuggets,W
483,0022300245,Bucks,W
484,0022300252,Spurs,L
485,0022300249,Timberwolves,W
486,0022300248,Magic,W
487,0022300251,Cavaliers,W
488,0022300253,Wizards,W
489,0022300255,Lakers,L
490,0022300256,Pelicans,L
491,0022300253,Pistons,L
492,0022300256,Jazz,W
493,0022300254,Trail Blazers,W
494,0022300254,Pacers,L
495,0022300257,Clippers,L
496,0022300257,Nuggets,W
497,0022300255,76ers,W
498,0022300053,Celtics,W
499,0022300054,Raptors,L
500,0022300056,Heat,L
501,0022300057,Knicks,W
502,0022300055,Cavaliers,W
503,0022300058,Thunder,L
504,0022300060,Warriors,L
505,0022300056,Bucks,W
506,0022300058,Timberwolves,W
507,0022300054,Nets,W
508,0022300060,Kings,W
509,0022300059,Rockets,L
510,0022300059,Mavericks,W
511,0022300055,Hawks,L
512,0022300053,Bulls,L
513,0022300057,Hornets,L
514,0022300260,Raptors,W
515,0022300258,Pistons,L
516,0022300264,Kings,L
517,0022300260,Suns,L
518,0022300259,Wizards,L
519,0022300262,76ers,L
520,0022300259,Magic,W
521,0022300258,Lakers,W
522,0022300264,Clippers,W
523,0022300262,Pelicans,W
524,0022300261,Grizzlies,W
525,0022300263,Rockets,L
526,0022300261,Jazz,L
527,0022300263,Nuggets,W
528,0022300270,Timberwolves,W
529,0022300273,Warriors,W
530,0022300270,Jazz,L
531,0022300271,Lakers,L
532,0022300268,Knicks,W
533,0022300273,Clippers,L
534,0022300268,Pistons,L
535,0022300267,Heat,W
536,0022300271,Thunder,W
537,0022300269,Bulls,W
538,0022300266,Nets,L
539,0022300267,Pacers,L
540,0022300269,Bucks,L
541,0022300265,Cavaliers,L
542,0022300265,Trail Blazers,W
543,0022300266,Hornets,W
544,0022300272,Spurs,L
545,0022300272,Hawks,W
546,0022300276,Knicks,W
547,0022300278,Pelicans,W
548,0022300277,Mavericks,L
549,0022300276,Raptors,L
550,0022300278,Spurs,L
551,0022300277,Grizzlies,W
552,0022300279,Nuggets,W
553,0022300274,Wizards,L
554,0022300274,Magic,W
555,0022300275,Celtics,W
556,0022300279,Suns,L
557,0022300275,76ers,L
558,0022300284,Pacers,W
559,0022300281,Hornets,L
560,0022300286,Bucks,W
561,0022300280,Warriors,L
562,0022300282,Magic,L
563,0022300285,Pelicans,L
564,0022300286,Hawks,L
565,0022300291,Rockets,L
566,0022300287,Thunder,W
567,0022300291,Lakers,W
568,0022300288,Grizzlies,L
569,0022300289,Jazz,W
570,0022300280,Clippers,W
571,0022300281,Timberwolves,W
572,0022300282,Nets,W
573,0022300283,Pistons,L
574,0022300290,Nuggets,L
575,0022300289,Trail Blazers,L
576,0022300287,Mavericks,L
577,0022300283,Cavaliers,W
578,0022300284,Heat,L
579,0022300288,Suns,W
580,0022300285,Bulls,W
581,0022300290,Kings,W
582,0022301204,Pelicans,W
583,0022301202,Pacers,W
584,0022301202,Celtics,L
585,0022301204,Kings,L
586,0022301201,Bucks,W
587,0022301201,Knicks,L
588,0022301203,Lakers,W
589,0022301203,Suns,L
590,0022301210,Timberwolves,W
591,0022301215,Clippers,W
592,0022301215,Nuggets,L
593,0022301205,Cavaliers,W
594,0022301212,Rockets,W
595,0022301209,Hawks,L
596,0022301213,Jazz,L
597,0022301211,Hornets,L
598,0022301208,Wizards,L
599,0022301214,Trail Blazers,L
600,0022301206,Pistons,L
601,0022301209,Nets,W
602,0022301211,Bulls,W
603,0022301213,Mavericks,W
604,0022301212,Thunder,L
605,0022301210,Spurs,L
606,0022301207,Heat,W
607,0022301205,Magic,L
608,0022301214,Warriors,W
609,0022301206,Grizzlies,W
610,0022301207,Raptors,L
611,0022301208,76ers,W
612,0022301230,Lakers,W
613,0022301229,Pacers,W
614,0022301229,Bucks,L
615,0022301230,Pelicans,L
616,0022301217,Pistons,L
617,0022301220,Cavaliers,W
618,0022301223,Bulls,W
619,0022301222,Thunder,W
620,0022301220,Heat,L
621,0022301223,Spurs,L
622,0022301216,Hornets,W
623,0022301222,Warriors,L
624,0022301217,Magic,W
625,0022301228,Kings,W
626,0022301225,Jazz,L
627,0022301226,Trail Blazers,L
628,0022301227,Knicks,L
629,0022301224,Nuggets,L
630,0022301224,Rockets,W
631,0022301221,Grizzlies,L
632,0022301221,Timberwolves,W
633,0022301218,Hawks,L
634,0022301219,Wizards,L
635,0022301227,Celtics,W
636,0022301225,Clippers,W
637,0022301216,Raptors,L
638,0022301226,Mavericks,W
639,0022301218,76ers,W
640,0022301228,Suns,L
641,0022301219,Nets,W
642,0022300299,Grizzlies,L
643,0022300297,Raptors,L
644,0022300295,Wizards,L
645,0022300292,Hornets,L
646,0022300293,Pacers,W
647,0022300301,Timberwolves,L
648,0022300298,Rockets,W
649,0022300304,Clippers,W
650,0022300295,76ers,W
651,0022300299,Mavericks,W
652,0022300293,Pistons,L
653,0022300296,Nuggets,W
654,0022300303,Nets,L
655,0022300300,Bucks,W
656,0022300297,Knicks,W
657,0022300302,Jazz,L
658,0022300303,Kings,W
659,0022300304,Trail Blazers,L
660,0022300294,Magic,W
661,0022300294,Cavaliers,L
662,0022300292,Heat,W
663,0022300302,Thunder,W
664,0022300296,Hawks,L
665,0022300301,Pelicans,W
666,0022300300,Bulls,L
667,0022300298,Spurs,L
668,0022300306,Lakers,L
669,0022300306,Mavericks,W
670,0022300309,Clippers,W
671,0022300305,Celtics,W
672,0022300308,Suns,W
673,0022300307,Bulls,L
674,0022300308,Warriors,L
675,0022300307,Nuggets,W
676,0022300305,Cavaliers,L
677,0022300309,Kings,L
678,0022300316,Lakers,W
679,0022300316,Spurs,L
680,0022300310,Pistons,L
681,0022300312,Hornets,L
682,0022300318,Jazz,W
683,0022300313,Raptors,W
684,0022300318,Knicks,L
685,0022300317,Suns,L
686,0022300315,Pacers,L
687,0022300315,Bucks,W
688,0022300311,Wizards,L
689,0022300317,Nets,W
690,0022300312,Heat,W
691,0022300310,76ers,W
692,0022300313,Hawks,L
693,0022300314,Grizzlies,L
694,0022300314,Rockets,W
695,0022300311,Pelicans,W
696,0022300319,Cavaliers,L
697,0022300321,Timberwolves,W
698,0022300320,Bulls,W
699,0022300322,Nets,L
700,0022300320,Heat,L
701,0022300319,Celtics,W
702,0022300323,Trail Blazers,L
703,0022300325,Warriors,L
704,0022300325,Clippers,W
705,0022300321,Mavericks,L
706,0022300324,Kings,W
707,0022300323,Jazz,W
708,0022300322,Nuggets,W
709,0022300324,Thunder,L
710,0022300327,Pistons,L
711,0022300331,Lakers,L
712,0022300326,Pelicans,W
713,0022300329,Magic,L
714,0022300326,Hornets,L
715,0022300332,Rockets,W
716,0022300330,Hawks,W
717,0022300328,Wizards,W
718,0022300333,Suns,L
719,0022300330,Raptors,L
720,0022300331,Spurs,W
721,0022300329,Celtics,W
722,0022300333,Knicks,W
723,0022300328,Pacers,L
724,0022300327,76ers,W
725,0022300332,Grizzlies,L
726,0022300342,Jazz,L
727,0022300343,Clippers,W
728,0022300337,Heat,W
729,0022300336,Cavaliers,W
730,0022300336,Hawks,L
731,0022300339,Nets,L
732,0022300337,Bulls,L
733,0022300341,Trail Blazers,L
734,0022300335,76ers,W
735,0022300339,Warriors,W
736,0022300335,Hornets,L
737,0022300343,Knicks,L
738,0022300341,Mavericks,W
739,0022300340,Nuggets,L
740,0022300334,Pistons,L
741,0022300338,Pacers,L
742,0022300334,Bucks,W
743,0022300342,Kings,W
744,0022300340,Thunder,W
745,0022300338,Timberwolves,W
746,0022300346,Bucks,W
747,0022300344,Celtics,W
748,0022300347,Suns,W
749,0022300347,Wizards,L
750,0022300348,Warriors,W
751,0022300345,Spurs,L
752,0022300346,Rockets,L
753,0022300344,Magic,L
754,0022300348,Trail Blazers,L
755,0022300345,Pelicans,W
756,0022300352,Pistons,L
757,0022300357,Nets,L
758,0022300350,Pacers,L
759,0022300354,Raptors,W
760,0022300353,Timberwolves,W
761,0022300358,Kings,W
762,0022300356,Nuggets,W
763,0022300351,76ers,L
764,0022300355,Thunder,W
765,0022300349,Cavaliers,W
766,0022300355,Grizzlies,L
767,0022300359,Lakers,L
768,0022300357,Jazz,W
769,0022300359,Knicks,W
770,0022300351,Bulls,W
771,0022300356,Mavericks,L
772,0022300352,Hawks,W
773,0022300358,Wizards,L
774,0022300353,Heat,L
775,0022300350,Clippers,W
776,0022300349,Rockets,L
777,0022300354,Hornets,L
778,0022300362,Warriors,W
779,0022300361,Spurs,L
780,0022300360,Pelicans,L
781,0022300363,Trail Blazers,W
782,0022300361,Bucks,W
783,0022300363,Suns,L
784,0022300362,Celtics,L
785,0022300360,Grizzlies,W
786,0022300369,Nuggets,W
787,0022300373,Kings,L
788,0022300365,Hornets,L
789,0022300366,Magic,L
790,0022300368,Knicks,W
791,0022300367,76ers,W
792,0022300367,Timberwolves,L
793,0022300373,Celtics,W
794,0022300365,Pacers,W
795,0022300369,Raptors,L
796,0022300370,Bulls,W
797,0022300370,Lakers,L
798,0022300371,Hawks,W
799,0022300364,Jazz,L
800,0022300364,Cavaliers,W
801,0022300368,Nets,L
802,0022300371,Rockets,L
803,0022300372,Clippers,W
804,0022300366,Heat,W
805,0022300372,Mavericks,L
806,0022300375,Pelicans,W
807,0022300376,Spurs,L
808,0022300381,Wizards,W
809,0022300379,Clippers,L
810,0022300378,Bucks,W
811,0022300374,Jazz,W
812,0022300377,Grizzlies,W
813,0022300379,Thunder,W
814,0022300374,Pistons,L
815,0022300381,Trail Blazers,L
816,0022300380,Lakers,L
817,0022300376,Bulls,W
818,0022300375,Cavaliers,L
819,0022300380,Timberwolves,W
820,0022300377,Pacers,L
821,0022300378,Magic,L
822,0022300384,Hawks,L
823,0022300386,Warriors,W
824,0022300383,Nuggets,W
825,0022300383,Nets,L
826,0022300386,Wizards,L
827,0022300382,76ers,W
828,0022300384,Heat,W
829,0022300387,Kings,W
830,0022300387,Suns,L
831,0022300382,Raptors,L
832,0022300385,Rockets,W
833,0022300385,Mavericks,L
834,0022300395,Jazz,W
835,0022300393,Grizzlies,W
836,0022300397,Lakers,W
837,0022300398,Spurs,L
838,0022300392,Rockets,W
839,0022300394,Pistons,L
840,0022300388,Knicks,L
841,0022300396,Bulls,L
842,0022300394,Nets,W
843,0022300391,Magic,W
844,0022300390,Nuggets,W
845,0022300400,Timberwolves,W
846,0022300396,Cavaliers,W
847,0022300392,Pelicans,L
848,0022300398,Mavericks,W
849,0022300389,Clippers,L
850,0022300399,Trail Blazers,L
851,0022300400,Kings,L
852,0022300399,Warriors,W
853,0022300391,Pacers,L
854,0022300390,Hornets,L
855,0022300397,Thunder,L
856,0022300389,Celtics,W
857,0022300388,Bucks,W
858,0022300395,Raptors,L
859,0022300393,Hawks,L
860,0022300401,Knicks,W
861,0022300404,76ers,L
862,0022300401,Bucks,L
863,0022300403,Lakers,L
864,0022300402,Nuggets,W
865,0022300403,Celtics,W
866,0022300402,Warriors,L
867,0022300404,Heat,W
868,0022300405,Suns,L
869,0022300405,Mavericks,W
870,0022300410,Pelicans,L
871,0022300406,Pistons,L
872,0022300409,Pacers,W
873,0022300407,Wizards,L
874,0022300412,Spurs,L
875,0022300410,Grizzlies,W
876,0022300413,Kings,L
877,0022300413,Trail Blazers,W
878,0022300408,Hawks,L
879,0022300409,Rockets,L
880,0022300414,Clippers,W
881,0022300407,Magic,W
882,0022300412,Jazz,W
883,0022300408,Bulls,W
884,0022300411,Thunder,W
885,0022300406,Nets,W
886,0022300411,Timberwolves,L
887,0022300414,Hornets,L
888,0022300420,Mavericks,L
889,0022300418,Rockets,L
890,0022300415,Magic,L
891,0022300420,Cavaliers,W
892,0022300415,76ers,W
893,0022300417,Nets,L
894,0022300416,Raptors,W
895,0022300418,Suns,W
896,0022300417,Bucks,W
897,0022300419,Knicks,L
898,0022300416,Wizards,L
899,0022300419,Thunder,W
900,0022300424,Jazz,L
901,0022300427,Spurs,W
902,0022300425,Grizzlies,L
903,0022300426,Heat,W
904,0022300428,Hornets,L
905,0022300428,Lakers,W
906,0022300424,Pelicans,W
907,0022300421,Pistons,L
908,0022300422,Bulls,L
909,0022300421,Celtics,W
910,0022300426,Warriors,L
911,0022300423,Mavericks,L
912,0022300427,Trail Blazers,L
913,0022300425,Nuggets,W
914,0022300423,Timberwolves,W
915,0022300422,Pacers,W
916,0022300438,Clippers,W
917,0022300434,Rockets,L
918,0022300437,Trail Blazers,W
919,0022300437,Spurs,L
920,0022300433,Cavaliers,L
921,0022300431,Kings,W
922,0022300430,Wizards,W
923,0022300431,Hawks,L
924,0022300435,Nuggets,L
925,0022300432,Celtics,W
926,0022300438,Grizzlies,L
927,0022300436,Suns,W
928,0022300436,Hornets,L
929,0022300430,Nets,L
930,0022300432,Raptors,L
931,0022300434,76ers,W
932,0022300435,Thunder,W
933,0022300429,Magic,W
934,0022300429,Knicks,L
935,0022300433,Bucks,W
936,0022300440,Raptors,L
937,0022300439,Jazz,W
938,0022300440,Pistons,W
939,0022300444,Warriors,L
940,0022300442,Bulls,W
941,0022300443,Timberwolves,W
942,0022300442,76ers,L
943,0022300444,Mavericks,W
944,0022300443,Lakers,L
945,0022300439,Heat,L
946,0022300441,Knicks,L
947,0022300441,Pacers,W
948,0022300447,Thunder,W
949,0022300448,Celtics,W
950,0022300445,Hawks,W
951,0022300449,Grizzlies,L
952,0022300448,Spurs,L
953,0022300450,Suns,W
954,0022300446,Lakers,L
955,0022300446,Pelicans,W
956,0022300449,Kings,W
957,0022300445,Wizards,L
958,0022300447,Nets,L
959,0022300450,Magic,L
960,0022300457,Jazz,W
961,0022300454,Pacers,W
962,0022300453,Rockets,W
963,0022300452,Cavaliers,L
964,0022300451,Knicks,W
965,0022300457,Mavericks,L
966,0022300453,Pistons,L
967,0022300452,Raptors,W
968,0022300456,Trail Blazers,L
969,0022300456,Suns,W
970,0022300454,Bucks,L
971,0022300455,Nuggets,W
972,0022300451,Timberwolves,L
973,0022300458,Heat,L
974,0022300458,Clippers,W
975,0022300455,Hornets,L
976,0022300464,Hornets,W
977,0022300463,Warriors,W
978,0022300460,Grizzlies,W
979,0022300462,Thunder,W
980,0022300459,76ers,W
981,0022300463,Magic,L
982,0022300460,Spurs,L
983,0022300459,Bulls,L
984,0022300462,Celtics,L
985,0022300461,Pelicans,W
986,0022300464,Kings,L
987,0022300461,Nets,L
988,0022300471,Pelicans,W
989,0022300469,Nets,L
990,0022300466,Pacers,W
991,0022300475,Heat,W
992,0022300465,Wizards,L
993,0022300467,Thunder,L
994,0022300468,Knicks,W
995,0022300473,Clippers,W
996,0022300472,Trail Blazers,L
997,0022300475,Lakers,L
998,0022300469,Rockets,W
999,0022300467,Hawks,W
1000,0022300468,Bulls,L
1001,0022300472,Mavericks,W
1002,0022300470,Grizzlies,L
1003,0022300473,Suns,L
1004,0022300466,Bucks,L
1005,0022300474,Pistons,L
1006,0022300465,Cavaliers,W
1007,0022300476,Magic,L
1008,0022300474,Jazz,W
1009,0022300471,Timberwolves,L
1010,0022300476,Kings,W
1011,0022300470,Raptors,W
1012,0022300478,Nuggets,W
1013,0022300477,Bucks,W
1014,0022300477,Spurs,L
1015,0022300478,Warriors,L
1016,0022300484,Bulls,W
1017,0022300492,Raptors,L
1018,0022300486,Pelicans,L
1019,0022300487,Trail Blazers,L
1020,0022300490,Pistons,L
1021,0022300489,Suns,W
1022,0022300488,Nuggets,L
1023,0022300480,Pacers,W
1024,0022300481,Thunder,L
1025,0022300492,Kings,W
1026,0022300487,Mavericks,W
1027,0022300480,Hawks,L
1028,0022300479,Celtics,W
1029,0022300489,Heat,L
1030,0022300484,Hornets,L
1031,0022300482,Cavaliers,W
1032,0022300491,Lakers,L
1033,0022300488,Magic,W
1034,0022300486,Clippers,W
1035,0022300490,Warriors,W
1036,0022300481,Nets,W
1037,0022300482,Wizards,L
1038,0022300485,Rockets,L
1039,0022300479,Jazz,L
1040,0022300485,Timberwolves,W
1041,0022300483,76ers,L
1042,0022300491,Grizzlies,W
1043,0022300483,Knicks,W
1044,0022300495,Jazz,W
1045,0022300494,Knicks,W
1046,0022300493,Celtics,W
1047,0022300496,Rockets,W
1048,0022300495,76ers,L
1049,0022300494,Wizards,L
1050,0022300493,Pacers,L
1051,0022300496,Bucks,L
1052,0022300499,Hawks,L
1053,0022300505,Clippers,L
1054,0022300498,Trail Blazers,W
1055,0022300504,Warriors,L
1056,0022300497,Cavaliers,W
1057,0022300502,Pistons,L
1058,0022300501,Timberwolves,L
1059,0022300502,Nuggets,W
1060,0022300501,Mavericks,W
1061,0022300498,Nets,L
1062,0022300504,Raptors,W
1063,0022300505,Lakers,W
1064,0022300499,Magic,W
1065,0022300500,Pelicans,W
1066,0022300497,Spurs,L
1067,0022300503,Grizzlies,W
1068,0022300503,Suns,L
1069,0022300500,Kings,L
1070,0022300506,Bulls,W
1071,0022300509,Heat,W
1072,0022300511,Suns,L
1073,0022300511,Clippers,W
1074,0022300510,Jazz,W
1075,0022300507,Pacers,W
1076,0022300508,Wizards,L
1077,0022300510,Bucks,L
1078,0022300506,Hornets,L
1079,0022300507,Celtics,L
1080,0022300508,Thunder,W
1081,0022300509,Rockets,L
1082,0022300513,Timberwolves,W
1083,0022300513,Magic,L
1084,0022300514,Knicks,W
1085,0022300512,Pistons,L
1086,0022300514,Trail Blazers,L
1087,0022300512,Kings,W
1088,0022300516,Lakers,W
1089,0022300515,Mavericks,L
1090,0022300515,Grizzlies,W
1091,0022300516,Raptors,L
1092,0022300517,Celtics,W
1093,0022300520,Wizards,L
1094,0022300525,Warriors,L
1095,0022300518,Kings,W
1096,0022300523,Bulls,W
1097,0022300519,Pistons,L
1098,0022300521,76ers,L
1099,0022300517,Timberwolves,L
1100,0022300526,Clippers,W
1101,0022300521,Hawks,W
1102,0022300524,Nuggets,L
1103,0022300523,Rockets,L
1104,0022300518,Hornets,L
1105,0022300522,Thunder,W
1106,0022300524,Jazz,W
1107,0022300522,Heat,L
1108,0022300525,Pelicans,W
1109,0022300520,Pacers,W
1110,0022300519,Spurs,W
1111,0022300526,Raptors,L
1112,0022300529,Trail Blazers,L
1113,0022300531,Suns,W
1114,0022300531,Lakers,L
1115,0022300529,Thunder,W
1116,0022300528,Celtics,L
1117,0022300530,Mavericks,W
1118,0022300527,Cavaliers,W
1119,0022300530,Knicks,L
1120,0022300527,Nets,L
1121,0022300528,Bucks,W
1122,0022300533,Hawks,L
1123,0022300539,Pelicans,L
1124,0022300536,Warriors,W
1125,0022300540,Jazz,W
1126,0022300537,Clippers,W
1127,0022300540,Raptors,L
1128,0022300539,Nuggets,W
1129,0022300541,Spurs,W
1130,0022300532,Kings,L
1131,0022300533,Pacers,W
1132,0022300532,76ers,W
1133,0022300534,Rockets,W
1134,0022300538,Timberwolves,W
1135,0022300541,Hornets,L
1136,0022300535,Heat,W
1137,0022300535,Magic,L
1138,0022300534,Pistons,L
1139,0022300538,Trail Blazers,L
1140,0022300537,Grizzlies,L
1141,0022300536,Bulls,L
1142,0022300542,Rockets,L
1143,0022300542,Celtics,W
1144,0022300546,Thunder,W
1145,0022300548,Bulls,W
1146,0022300543,Wizards,W
1147,0022300548,Spurs,L
1148,0022300546,Magic,L
1149,0022300549,Lakers,L
1150,0022300545,Warriors,L
1151,0022300547,Mavericks,L
1152,0022300544,Grizzlies,L
1153,0022300543,Hawks,L
1154,0022300544,Knicks,W
1155,0022300545,Bucks,W
1156,0022300547,Pelicans,W
1157,0022300549,Jazz,W
1158,0022300554,Suns,W
1159,0022300554,Trail Blazers,L
1160,0022300550,Nuggets,W
1161,0022300551,Hornets,L
1162,0022300553,Timberwolves,W
1163,0022300552,Bucks,W
1164,0022300553,Clippers,L
1165,0022300551,Heat,W
1166,0022300552,Kings,L
1167,0022300550,Pacers,L
1168,0022300562,Nets,L
1169,0022300557,Magic,W
1170,0022300563,Raptors,L
1171,0022300555,Rockets,L
1172,0022300561,Bulls,L
1173,0022300556,Pelicans,L
1174,0022300560,Warriors,L
1175,0022300555,76ers,W
1176,0022300557,Knicks,L
1177,0022300559,Spurs,L
1178,0022300559,Hawks,W
1179,0022300560,Grizzlies,W
1180,0022300561,Cavaliers,W
1181,0022300562,Heat,W
1182,0022300558,Wizards,L
1183,0022300564,Pacers,L
1184,0022300558,Pistons,W
1185,0022300565,Thunder,L
1186,0022300565,Lakers,W
1187,0022300563,Celtics,W
1188,0022300556,Mavericks,W
1189,0022300564,Jazz,W
1190,0022300567,Suns,W
1191,0022300566,Nuggets,L
1192,0022300566,76ers,W
1193,0022300568,Clippers,W
1194,0022300567,Kings,L
1195,0022300568,Thunder,L
1196,0022300577,Mavericks,L
1197,0022300571,Spurs,L
1198,0022300578,Nets,L
1199,0022300571,Celtics,W
1200,0022300577,Lakers,W
1201,0022300570,Hawks,W
1202,0022300573,Knicks,W
1203,0022300573,Rockets,L
1204,0022300574,Raptors,W
1205,0022300578,Trail Blazers,W
1206,0022300572,Bucks,L
1207,0022300575,Hornets,L
1208,0022300570,Magic,L
1209,0022300574,Heat,L
1210,0022300569,Timberwolves,W
1211,0022300572,Cavaliers,W
1212,0022300575,Pelicans,W
1213,0022300569,Pistons,L
1214,0022300579,Knicks,W
1215,0022300581,Thunder,W
1216,0022300579,Wizards,L
1217,0022300580,Bulls,W
1218,0022300582,Timberwolves,W
1219,0022300581,Jazz,L
1220,0022300583,Kings,L
1221,0022300582,Grizzlies,L
1222,0022300580,Raptors,L
1223,0022300583,Pacers,W
1224,0022300590,Trail Blazers,W
1225,0022300586,Nuggets,W
1226,0022300584,Spurs,L
1227,0022300587,Heat,L
1228,0022300591,Lakers,L
1229,0022300585,Magic,L
1230,0022300586,Celtics,L
1231,0022300585,76ers,W
1232,0022300588,Pelicans,L
1233,0022300584,Hornets,W
1234,0022300587,Hawks,W
1235,0022300591,Nets,W
1236,0022300590,Pacers,L
1237,0022300588,Suns,W
1238,0022300595,Hawks,L
1239,0022300593,Hornets,L
1240,0022300594,Spurs,W
1241,0022300598,Rockets,W
1242,0022300599,Timberwolves,L
1243,0022300599,Thunder,W
1244,0022300596,Knicks,W
1245,0022300592,Pistons,L
1246,0022300596,Raptors,L
1247,0022300592,Bucks,W
1248,0022300597,Bulls,W
1249,0022300594,Wizards,L
1250,0022300593,76ers,W
1251,0022300597,Grizzlies,L
1252,0022300598,Jazz,L
1253,0022300595,Cavaliers,W
1254,0022300600,Clippers,W
1255,0022300605,Lakers,W
1256,0022300605,Trail Blazers,L
1257,0022300600,Nets,L
1258,0022300604,Pacers,L
1259,0022300603,Celtics,W
1260,0022300601,Magic,W
1261,0022300602,Wizards,L
1262,0022300602,Nuggets,W
1263,0022300601,Heat,L
1264,0022300604,Suns,W
1265,0022300603,Rockets,L
1266,0022300608,76ers,W
1267,0022300607,Magic,L
1268,0022300610,Timberwolves,L
1269,0022300611,Mavericks,L
1270,0022300611,Celtics,W
1271,0022300606,Bucks,W
1272,0022300613,Kings,W
1273,0022300606,Pistons,L
1274,0022300609,Raptors,L
1275,0022300608,Spurs,L
1276,0022300609,Grizzlies,W
1277,0022300613,Hawks,L
1278,0022300612,Suns,W
1279,0022300607,Cavaliers,W
1280,0022300612,Bulls,L
1281,0022300610,Hornets,W
1282,0022300616,Jazz,L
1283,0022300615,Knicks,W
1284,0022300614,Pacers,L
1285,0022300616,Pelicans,W
1286,0022300614,Nuggets,W
1287,0022300617,Trail Blazers,L
1288,0022300617,Thunder,W
1289,0022300615,Nets,L
1290,0022300618,Clippers,W
1291,0022300618,Lakers,L
1292,0022300620,Timberwolves,W
1293,0022300620,Wizards,L
1294,0022300624,Cavaliers,L
1295,0022300625,Suns,W
1296,0022300626,Warriors,W
1297,0022300626,Hawks,L
1298,0022300623,Rockets,L
1299,0022300619,Pistons,W
1300,0022300622,Spurs,L
1301,0022300621,Heat,L
1302,0022300625,Mavericks,L
1303,0022300623,Trail Blazers,W
1304,0022300622,Thunder,W
1305,0022300619,Hornets,L
1306,0022300621,Grizzlies,W
1307,0022300624,Bucks,W
1308,0022300633,Lakers,W
1309,0022300627,Pacers,W
1310,0022300629,Timberwolves,W
1311,0022300633,Bulls,L
1312,0022300632,Kings,W
1313,0022300628,Jazz,W
1314,0022300630,Heat,L
1315,0022300630,Celtics,W
1316,0022300632,Warriors,L
1317,0022300627,76ers,L
1318,0022300631,Nuggets,L
1319,0022300628,Wizards,L
1320,0022300629,Nets,L
1321,0022300631,Knicks,W
1322,0022300640,Thunder,W
1323,0022300638,Grizzlies,W
1324,0022300640,Pelicans,L
1325,0022300639,Bucks,L
1326,0022300637,Raptors,L
1327,0022300638,Magic,L
1328,0022300641,Spurs,W
1329,0022300635,Hornets,L
1330,0022300641,Trail Blazers,L
1331,0022300634,Hawks,L
1332,0022300639,Cavaliers,W
1333,0022300637,Clippers,W
1334,0022300636,Pacers,W
1335,0022300635,Rockets,W
1336,0022300636,Suns,L
1337,0022300634,Mavericks,W
1338,0022300645,Nets,W
1339,0022300647,Hornets,L
1340,0022300650,Lakers,W
1341,0022300644,Nuggets,W
1342,0022300651,Mavericks,L
1343,0022300642,Wizards,W
1344,0022300643,Knicks,W
1345,0022300642,Pistons,L
1346,0022300648,Pelicans,L
1347,0022300648,Bucks,W
1348,0022300645,Rockets,L
1349,0022300643,Heat,L
1350,0022300644,76ers,L
1351,0022300646,Celtics,L
1352,0022300646,Clippers,W
1353,0022300650,Warriors,L
1354,0022300651,Kings,W
1355,0022300649,Timberwolves,L
1356,0022300647,Jazz,W
1357,0022300649,Spurs,W
1358,0022300653,Hawks,W
1359,0022300652,Grizzlies,L
1360,0022300654,Thunder,L
1361,0022300653,Raptors,L
1362,0022300656,Trail Blazers,L
1363,0022300652,Pacers,W
1364,0022300654,Pistons,W
1365,0022300656,Bulls,W
1366,0022300655,Suns,L
1367,0022300655,Magic,W
1368,0022300658,Clippers,L
1369,0022300663,Grizzlies,L
1370,0022300657,Knicks,W
1371,0022300659,Pelicans,L
1372,0022300664,Timberwolves,W
1373,0022300662,Rockets,W
1374,0022300668,Trail Blazers,W
1375,0022300667,Bucks,L
1376,0022300660,Jazz,L
1377,0022300660,Nets,W
1378,0022300668,76ers,L
1379,0022300666,Mavericks,W
1380,0022300657,Hornets,L
1381,0022300663,Kings,W
1382,0022300659,Celtics,W
1383,0022300662,Lakers,L
1384,0022300666,Magic,L
1385,0022300661,Heat,L
1386,0022300661,Suns,W
1387,0022300664,Thunder,L
1388,0022300667,Nuggets,W
1389,0022300665,Spurs,L
1390,0022300665,Wizards,W
1391,0022300658,Cavaliers,W
1392,0022300672,Raptors,W
1393,0022300672,Bulls,L
1394,0022300673,76ers,L
1395,0022300670,Pacers,L
1396,0022300671,Jazz,L
1397,0022300671,Knicks,W
1398,0022300673,Warriors,W
1399,0022300669,Hawks,W
1400,0022300670,Celtics,W
1401,0022300669,Lakers,L
1402,0022300680,Mavericks,L
1403,0022300677,Suns,W
1404,0022300674,Hornets,L
1405,0022300682,Thunder,W
1406,0022300682,Nuggets,L
1407,0022300677,Nets,L
1408,0022300681,Magic,W
1409,0022300680,Timberwolves,W
1410,0022300678,Kings,L
1411,0022300683,Trail Blazers,W
1412,0022300678,Heat,W
1413,0022300676,Wizards,L
1414,0022300681,Spurs,L
1415,0022300679,Rockets,L
1416,0022300675,Pistons,L
1417,0022300679,Pelicans,W
1418,0022300683,Bucks,L
1419,0022300676,Clippers,W
1420,0022300675,Cavaliers,W
1421,0022300674,Bulls,W
1422,0022300684,Lakers,W
1423,0022300685,Pacers,L
1424,0022300687,Cavaliers,W
1425,0022300684,Celtics,L
1426,0022300686,76ers,W
1427,0022300686,Jazz,L
1428,0022300687,Grizzlies,L
1429,0022300685,Knicks,W
1430,0022300692,Rockets,W
1431,0022300690,Suns,L
1432,0022300697,Trail Blazers,L
1433,0022300694,Timberwolves,L
1434,0022300696,Spurs,L
1435,0022300692,Raptors,L
1436,0022300695,Hornets,L
1437,0022300696,Pelicans,W
1438,0022300697,Nuggets,W
1439,0022300689,Wizards,L
1440,0022300688,Pistons,L
1441,0022300691,Pacers,L
1442,0022300690,Hawks,W
1443,0022300694,Magic,W
1444,0022300688,Clippers,W
1445,0022300693,Warriors,W
1446,0022300689,Heat,W
1447,0022300691,Kings,W
1448,0022300693,Grizzlies,L
1449,0022300695,Thunder,W
1450,0022300699,Hawks,W
1451,0022300698,Nets,W
1452,0022300703,Spurs,L
1453,0022300702,Bucks,W
1454,0022300701,Lakers,W
1455,0022300699,Warriors,L
1456,0022300701,Knicks,L
1457,0022300702,Mavericks,L
1458,0022300698,76ers,L
1459,0022300703,Cavaliers,W
1460,0022300700,Kings,W
1461,0022300700,Bulls,L
1462,0022300707,Pacers,W
1463,0022300704,Magic,W
1464,0022300706,Celtics,W
1465,0022300705,Wizards,L
1466,0022300707,Hornets,L
1467,0022300708,Heat,L
1468,0022300709,Rockets,L
1469,0022300705,Suns,W
1470,0022300710,Thunder,W
1471,0022300711,Bucks,L
1472,0022300708,Clippers,W
1473,0022300704,Pistons,L
1474,0022300710,Raptors,L
1475,0022300712,Trail Blazers,L
1476,0022300711,Jazz,W
1477,0022300706,Grizzlies,L
1478,0022300709,Timberwolves,W
1479,0022300712,Nuggets,W
1480,0022300715,Mavericks,W
1481,0022300718,Raptors,L
1482,0022300718,Pelicans,W
1483,0022300715,76ers,L
1484,0022300713,Hornets,L
1485,0022300714,Kings,L
1486,0022300714,Cavaliers,W
1487,0022300716,Clippers,W
1488,0022300717,Nets,L
1489,0022300717,Warriors,W
1490,0022300716,Hawks,L
1491,0022300713,Lakers,W
1492,0022300724,Jazz,W
1493,0022300720,Nets,L
1494,0022300723,Bulls,W
1495,0022300720,Mavericks,W
1496,0022300719,Pacers,W
1497,0022300721,Heat,W
1498,0022300722,Grizzlies,L
1499,0022300722,Knicks,W
1500,0022300725,Bucks,L
1501,0022300723,Timberwolves,L
1502,0022300721,Magic,L
1503,0022300724,Thunder,L
1504,0022300719,Rockets,L
1505,0022300725,Suns,W
1506,0022300731,Pelicans,W
1507,0022300730,Spurs,L
1508,0022300729,Celtics,W
1509,0022300728,Cavaliers,W
1510,0022300726,Hornets,L
1511,0022300732,Kings,L
1512,0022300732,Pistons,W
1513,0022300730,Heat,W
1514,0022300729,Hawks,L
1515,0022300731,Clippers,L
1516,0022300727,76ers,L
1517,0022300726,Raptors,W
1518,0022300727,Warriors,W
1519,0022300728,Wizards,L
1520,0022300739,Suns,W
1521,0022300738,Bucks,L
1522,0022300733,Pacers,L
1523,0022300734,Magic,W
1524,0022300738,Timberwolves,W
1525,0022300740,Nuggets,W
1526,0022300736,Mavericks,W
1527,0022300733,Warriors,W
1528,0022300740,Lakers,L
1529,0022300734,Spurs,L
1530,0022300739,Jazz,L
1531,0022300741,Pistons,W
1532,0022300736,Knicks,L
1533,0022300737,Bulls,W
1534,0022300735,Nets,L
1535,0022300735,Cavaliers,W
1536,0022300737,Grizzlies,L
1537,0022300741,Trail Blazers,L
1538,0022300745,Hornets,L
1539,0022300745,Bucks,W
1540,0022300742,76ers,L
1541,0022300743,Celtics,W
1542,0022300746,Nuggets,L
1543,0022300747,Pelicans,L
1544,0022300747,Lakers,W
1545,0022300744,Rockets,L
1546,0022300746,Kings,W
1547,0022300742,Hawks,W
1548,0022300744,Raptors,W
1549,0022300743,Wizards,L
1550,0022300758,Trail Blazers,L
1551,0022300751,Hornets,W
1552,0022300758,Pelicans,W
1553,0022300755,Knicks,L
1554,0022300757,Suns,L
1555,0022300753,76ers,W
1556,0022300754,Rockets,L
1557,0022300749,Pistons,L
1558,0022300751,Grizzlies,L
1559,0022300752,Bulls,L
1560,0022300749,Clippers,W
1561,0022300756,Raptors,L
1562,0022300752,Magic,W
1563,0022300757,Warriors,W
1564,0022300748,Thunder,L
1565,0022300756,Cavaliers,W
1566,0022300753,Wizards,L
1567,0022300750,Spurs,L
1568,0022300755,Pacers,W
1569,0022300748,Mavericks,W
1570,0022300750,Nets,W
1571,0022300754,Hawks,W
1572,0022300759,Heat,L
1573,0022300760,Kings,L
1574,0022300759,Celtics,W
1575,0022300760,Thunder,W
1576,0022300763,Hawks,L
1577,0022300766,Grizzlies,L
1578,0022300767,Nuggets,L
1579,0022300769,Jazz,L
1580,0022300764,Raptors,L
1581,0022300770,Clippers,L
1582,0022300762,76ers,W
1583,0022300761,Pacers,L
1584,0022300764,Spurs,W
1585,0022300768,Mavericks,W
1586,0022300761,Hornets,W
1587,0022300763,Bulls,W
1588,0022300769,Warriors,W
1589,0022300765,Knicks,L
1590,0022300766,Pelicans,W
1591,0022300770,Timberwolves,W
1592,0022300768,Wizards,L
1593,0022300762,Cavaliers,L
1594,0022300767,Bucks,W
1595,0022300765,Rockets,W
1596,0022300774,Suns,W
1597,0022300772,Thunder,W
1598,0022300776,Pistons,L
1599,0022300773,Heat,W
1600,0022300775,Timberwolves,W
1601,0022300772,Magic,L
1602,0022300775,Trail Blazers,L
1603,0022300774,Kings,L
1604,0022300776,Lakers,W
1605,0022300771,Nets,L
1606,0022300773,Bucks,L
1607,0022300771,Celtics,W
1608,0022300778,Magic,W
1609,0022300780,Celtics,W
1610,0022300788,Lakers,W
1611,0022300783,Grizzlies,W
1612,0022300779,76ers,L
1613,0022300782,Pacers,W
1614,0022300787,Pistons,L
1615,0022300781,Bulls,L
1616,0022300777,Hawks,L
1617,0022300787,Suns,W
1618,0022300788,Jazz,L
1619,0022300778,Knicks,L
1620,0022300786,Kings,W
1621,0022300779,Heat,W
1622,0022300780,Nets,L
1623,0022300785,Mavericks,W
1624,0022300777,Hornets,W
1625,0022300782,Raptors,L
1626,0022300784,Pelicans,W
1627,0022300784,Wizards,L
1628,0022300789,Clippers,W
1629,0022300785,Spurs,L
1630,0022300783,Rockets,L
1631,0022300786,Nuggets,L
1632,0022300781,Cavaliers,W
1633,0022300789,Warriors,L
1634,0022300576,Jazz,L
1635,0022300576,Warriors,W
1636,0022300790,Grizzlies,W
1637,0022300790,Bucks,L
1638,0022300791,Timberwolves,W
1639,0022300791,Trail Blazers,L
1640,0022300803,Kings,W
1641,0022300794,Knicks,W
1642,0022300800,Wizards,L
1643,0022300799,Thunder,W
1644,0022300800,Nuggets,W
1645,0022300795,Nets,L
1646,0022300797,Celtics,W
1647,0022300796,Suns,L
1648,0022300793,Pistons,L
1649,0022300794,76ers,L
1650,0022300797,Bulls,L
1651,0022300795,Raptors,W
1652,0022300796,Mavericks,W
1653,0022300802,Warriors,W
1654,0022300798,Rockets,L
1655,0022300801,Hornets,W
1656,0022300792,Magic,W
1657,0022300801,Jazz,L
1658,0022300792,Cavaliers,L
1659,0022300799,Clippers,L
1660,0022300798,Pelicans,W
1661,0022300802,Lakers,L
1662,0022300803,Spurs,L
1663,0022300793,Pacers,W
1664,0022300809,Wizards,L
1665,0022300807,Clippers,W
1666,0022300809,Thunder,W
1667,0022300813,Lakers,W
1668,0022300805,76ers,W
1669,0022300804,Raptors,W
1670,0022300813,Spurs,L
1671,0022300806,Suns,L
1672,0022300808,Bucks,W
1673,0022300812,Nuggets,W
1674,0022300810,Heat,W
1675,0022300811,Hornets,L
1676,0022300810,Pelicans,L
1677,0022300805,Cavaliers,L
1678,0022300806,Rockets,W
1679,0022300804,Hawks,L
1680,0022300807,Grizzlies,L
1681,0022300812,Trail Blazers,L
1682,0022300811,Warriors,W
1683,0022300808,Timberwolves,L
1684,0022300816,Celtics,W
1685,0022300816,Knicks,L
1686,0022300815,Timberwolves,W
1687,0022300814,Pistons,L
1688,0022300814,Magic,W
1689,0022300815,Nets,L
1690,0022300825,Jazz,W
1691,0022300820,Wizards,L
1692,0022300823,Bulls,W
1693,0022300823,Pelicans,L
1694,0022300819,Mavericks,L
1695,0022300818,Lakers,L
1696,0022300824,Nuggets,W
1697,0022300822,Rockets,L
1698,0022300827,Kings,W
1699,0022300826,Trail Blazers,L
1700,0022300817,76ers,L
1701,0022300827,Clippers,L
1702,0022300819,Pacers,W
1703,0022300821,Hawks,W
1704,0022300820,Cavaliers,W
1705,0022300818,Suns,W
1706,0022300822,Thunder,W
1707,0022300821,Magic,L
1708,0022300824,Warriors,L
1709,0022300817,Bucks,W
1710,0022300825,Spurs,L
1711,0022300826,Hornets,W
1712,0022300830,Nets,W
1713,0022300831,Heat,W
1714,0022300828,Pistons,L
1715,0022300828,Knicks,W
1716,0022300829,Raptors,W
1717,0022300830,Grizzlies,L
1718,0022300831,Kings,L
1719,0022300829,Pacers,L
1720,0022300835,Hawks,W
1721,0022300832,Cavaliers,W
1722,0022300834,Warriors,W
1723,0022300840,Hornets,L
1724,0022300842,Heat,W
1725,0022300841,Rockets,L
1726,0022300838,Spurs,L
1727,0022300834,Wizards,L
1728,0022300837,Pelicans,W
1729,0022300835,Jazz,L
1730,0022300837,Knicks,L
1731,0022300839,Bulls,L
1732,0022300842,Trail Blazers,L
1733,0022300840,Bucks,W
1734,0022300839,Pistons,W
1735,0022300836,Celtics,W
1736,0022300833,Nets,L
1737,0022300832,Mavericks,L
1738,0022300836,76ers,L
1739,0022300838,Timberwolves,W
1740,0022300833,Magic,W
1741,0022300841,Thunder,W
1742,0022300843,Pacers,W
1743,0022300848,Clippers,L
1744,0022300846,Bulls,W
1745,0022300844,Raptors,L
1746,0022300848,Lakers,W
1747,0022300845,Timberwolves,W
1748,0022300847,Nuggets,W
1749,0022300847,Kings,L
1750,0022300846,Cavaliers,L
1751,0022300844,Mavericks,W
1752,0022300843,Pelicans,L
1753,0022300845,Grizzlies,L
1754,0022300854,Suns,W
1755,0022300852,Knicks,L
1756,0022300849,Hornets,L
1757,0022300851,Hawks,L
1758,0022300850,Magic,W
1759,0022300852,Warriors,W
1760,0022300856,Lakers,W
1761,0022300855,Heat,L
1762,0022300850,Jazz,L
1763,0022300856,Wizards,L
1764,0022300855,Nuggets,W
1765,0022300853,Thunder,L
1766,0022300853,Spurs,W
1767,0022300849,Bucks,W
1768,0022300851,Nets,W
1769,0022300854,Rockets,L
1770,0022300862,Timberwolves,L
1771,0022300858,Hornets,L
1772,0022300861,Grizzlies,L
1773,0022300862,Kings,W
1774,0022300860,Warriors,W
1775,0022300859,Celtics,W
1776,0022300857,Pistons,L
1777,0022300864,Bulls,L
1778,0022300863,Pacers,L
1779,0022300859,Mavericks,L
1780,0022300858,76ers,W
1781,0022300865,Clippers,W
1782,0022300857,Cavaliers,W
1783,0022300863,Pelicans,W
1784,0022300864,Bucks,W
1785,0022300861,Trail Blazers,W
1786,0022300865,Wizards,L
1787,0022300860,Raptors,L
1788,0022300869,Lakers,L
1789,0022300866,Nets,W
1790,0022300868,Trail Blazers,W
1791,0022300870,Rockets,W
1792,0022300866,Hawks,L
1793,0022300869,Nuggets,W
1794,0022300868,Grizzlies,L
1795,0022300867,Heat,W
1796,0022300867,Jazz,L
1797,0022300870,Suns,L
1798,0022300873,Clippers,W
1799,0022300872,Warriors,L
1800,0022300877,Pacers,L
1801,0022300873,Timberwolves,L
1802,0022300878,Thunder,W
1803,0022300876,Cavaliers,L
1804,0022300875,Raptors,W
1805,0022300874,Magic,W
1806,0022300871,76ers,W
1807,0022300872,Celtics,W
1808,0022300871,Mavericks,L
1809,0022300877,Spurs,W
1810,0022300876,Knicks,W
1811,0022300878,Suns,L
1812,0022300875,Hornets,L
1813,0022300874,Pistons,L
1814,0022300880,Bucks,W
1815,0022300879,Grizzlies,W
1816,0022300883,Bulls,W
1817,0022300879,Nets,L
1818,0022300881,Timberwolves,W
1819,0022300884,Thunder,L
1820,0022300882,Wizards,L
1821,0022300883,Kings,L
1822,0022300884,Lakers,W
1823,0022300880,Clippers,L
1824,0022300882,Jazz,W
1825,0022300881,Trail Blazers,L
1826,0022300891,Rockets,W
1827,0022300892,Mavericks,L
1828,0022300886,Cavaliers,W
1829,0022300887,76ers,L
1830,0022300893,Suns,W
1831,0022300889,Knicks,L
1832,0022300892,Pacers,W
1833,0022300890,Pelicans,W
1834,0022300889,Hawks,W
1835,0022300888,Pistons,L
1836,0022300893,Nuggets,L
1837,0022300891,Spurs,L
1838,0022300885,Hornets,L
1839,0022300885,Magic,W
1840,0022300888,Heat,W
1841,0022300886,Celtics,L
1842,0022300887,Nets,W
1843,0022300890,Raptors,L
1844,0022300900,Thunder,W
1845,0022300897,Clippers,W
1846,0022300901,Lakers,L
1847,0022300897,Rockets,L
1848,0022300899,Bucks,L
1849,0022300896,76ers,L
1850,0022300894,Magic,W
1851,0022300894,Wizards,L
1852,0022300899,Warriors,W
1853,0022300898,Jazz,L
1854,0022300900,Trail Blazers,L
1855,0022300901,Kings,W
1856,0022300895,Cavaliers,L
1857,0022300895,Hawks,W
1858,0022300896,Grizzlies,W
1859,0022300898,Bulls,W
1860,0022300908,Kings,W
1861,0022300902,Pistons,W
1862,0022300907,Warriors,L
1863,0022300903,Pacers,L
1864,0022300904,Mavericks,W
1865,0022300906,Celtics,L
1866,0022300902,Nets,L
1867,0022300905,Raptors,L
1868,0022300903,Timberwolves,W
1869,0022300908,Spurs,L
1870,0022300904,Heat,L
1871,0022300905,Suns,W
1872,0022300907,Bulls,W
1873,0022300906,Nuggets,W
1874,0022300909,76ers,L
1875,0022300916,Rockets,W
1876,0022300911,Cavaliers,W
1877,0022300909,Pelicans,W
1878,0022300915,Bucks,L
1879,0022300911,Timberwolves,L
1880,0022300910,Wizards,W
1881,0022300910,Hornets,L
1882,0022300913,Grizzlies,L
1883,0022300912,Knicks,W
1884,0022300912,Magic,L
1885,0022300913,Hawks,W
1886,0022300914,Heat,L
1887,0022300914,Thunder,W
1888,0022300915,Lakers,W
1889,0022300916,Trail Blazers,L
1890,0022300922,Jazz,L
1891,0022300923,Raptors,L
1892,0022300921,Spurs,W
1893,0022300917,Bulls,L
1894,0022300917,Clippers,W
1895,0022300920,Celtics,W
1896,0022300922,Nuggets,W
1897,0022300919,Mavericks,W
1898,0022300918,Nets,L
1899,0022300923,Trail Blazers,W
1900,0022300921,Warriors,L
1901,0022300920,Suns,L
1902,0022300919,Pistons,L
1903,0022300918,Hornets,W
1904,0022300932,Lakers,W
1905,0022300929,Kings,L
1906,0022300931,Thunder,W
1907,0022300926,Wizards,W
1908,0022300925,Hawks,L
1909,0022300925,Pelicans,W
1910,0022300930,Nets,W
1911,0022300924,Clippers,L
1912,0022300928,Magic,L
1913,0022300929,Rockets,W
1914,0022300928,Pacers,W
1915,0022300932,Timberwolves,L
1916,0022300927,76ers,W
1917,0022300930,Cavaliers,L
1918,0022300924,Bucks,W
1919,0022300931,Grizzlies,L
1920,0022300926,Heat,L
1921,0022300927,Knicks,L
1922,0022300933,Hornets,L
1923,0022300933,Pistons,W
1924,0022300935,Mavericks,W
1925,0022300936,Spurs,L
1926,0022300938,Trail Blazers,L
1927,0022300936,Warriors,W
1928,0022300938,Celtics,W
1929,0022300934,Suns,W
1930,0022300937,Nuggets,W
1931,0022300937,Raptors,L
1932,0022300934,Cavaliers,L
1933,0022300935,Bulls,L
1934,0022300944,Timberwolves,W
1935,0022300939,76ers,L
1936,0022300940,Grizzlies,W
1937,0022300941,Pacers,W
1938,0022300943,Celtics,W
1939,0022300945,Kings,W
1940,0022300939,Knicks,W
1941,0022300942,Spurs,L
1942,0022300943,Jazz,L
1943,0022300941,Thunder,L
1944,0022300944,Clippers,L
1945,0022300942,Rockets,W
1946,0022300940,Wizards,L
1947,0022300945,Bucks,L
1948,0022300952,Warriors,L
1949,0022300951,Pelicans,L
1950,0022300953,Hawks,L
1951,0022300950,Grizzlies,L
1952,0022300947,Magic,W
1953,0022300946,Raptors,L
1954,0022300949,Heat,L
1955,0022300948,Bulls,W
1956,0022300946,Pistons,W
1957,0022300954,Lakers,L
1958,0022300949,Nuggets,W
1959,0022300953,Trail Blazers,W
1960,0022300952,Mavericks,W
1961,0022300951,Cavaliers,W
1962,0022300954,Kings,W
1963,0022300950,Hornets,W
1964,0022300948,Pacers,L
1965,0022300947,Nets,L
1966,0022300959,Thunder,W
1967,0022300960,Knicks,W
1968,0022300958,Bucks,W
1969,0022300956,Bulls,L
1970,0022300958,76ers,L
1971,0022300955,Suns,L
1972,0022300957,Wizards,L
1973,0022300956,Clippers,W
1974,0022300960,Trail Blazers,L
1975,0022300957,Rockets,W
1976,0022300955,Celtics,W
1977,0022300959,Mavericks,L
1978,0022300962,Heat,W
1979,0022300963,Raptors,L
1980,0022300962,Pistons,L
1981,0022300965,Nuggets,W
1982,0022300961,Suns,W
1983,0022300966,Jazz,W
1984,0022300964,Pelicans,W
1985,0022300963,Magic,W
1986,0022300965,Spurs,L
1987,0022300966,Hawks,L
1988,0022300964,Clippers,L
1989,0022300961,Hornets,L
1990,0022300967,Rockets,W
1991,0022300968,Nets,L
1992,0022300973,Lakers,L
1993,0022300974,Jazz,L
1994,0022300975,Kings,L
1995,0022300969,Hornets,L
1996,0022300972,Grizzlies,L
1997,0022300972,Thunder,W
1998,0022300967,Cavaliers,L
1999,0022300974,Timberwolves,W
2000,0022300968,Pacers,W
2001,0022300970,Trail Blazers,L
2002,0022300971,Bulls,W
2003,0022300969,76ers,W
2004,0022300971,Wizards,L
2005,0022300970,Pelicans,W
2006,0022300975,Knicks,W
2007,0022300973,Warriors,W
2008,0022300978,Nuggets,L
2009,0022300979,Magic,W
2010,0022300980,Wizards,L
2011,0022300981,Spurs,W
2012,0022300982,Clippers,L
2013,0022300977,Pistons,L
2014,0022300976,Bucks,W
2015,0022300977,Heat,W
2016,0022300978,Mavericks,W
2017,0022300980,Celtics,W
2018,0022300976,Suns,L
2019,0022300979,Raptors,L
2020,0022300982,Hawks,W
2021,0022300981,Nets,L
2022,0022300983,Cavaliers,W
2023,0022300989,Kings,W
2024,0022300983,Pacers,L
2025,0022300985,Heat,L
2026,0022300988,Knicks,W
2027,0022300990,Lakers,W
2028,0022300984,Celtics,W
2029,0022300986,Bulls,W
2030,0022300987,Timberwolves,W
2031,0022300985,76ers,W
2032,0022300984,Pistons,L
2033,0022300986,Trail Blazers,L
2034,0022300988,Warriors,L
2035,0022300987,Jazz,L
2036,0022300990,Hawks,L
2037,0022300989,Grizzlies,L
2038,0022300991,Hornets,L
2039,0022300993,Nets,L
2040,0022300995,Nuggets,W
2041,0022300995,Timberwolves,L
2042,0022300992,Wizards,L
2043,0022300993,Pelicans,W
2044,0022300991,Magic,W
2045,0022300994,Spurs,L
2046,0022300994,Mavericks,W
2047,0022300992,Rockets,W
2048,0022300999,Kings,W
2049,0022301001,Grizzlies,L
2050,0022301002,76ers,L
2051,0022301002,Suns,W
2052,0022300999,Raptors,L
2053,0022300998,Celtics,W
2054,0022300997,Pistons,L
2055,0022301001,Warriors,W
2056,0022300996,Cavaliers,L
2057,0022300998,Bucks,L
2058,0022300996,Heat,W
2059,0022301000,Thunder,W
2060,0022301003,Trail Blazers,L
2061,0022300997,Pacers,W
2062,0022301000,Jazz,L
2063,0022301003,Clippers,W
2064,0022301010,Suns,W
2065,0022301006,Bulls,L
2066,0022301010,Hawks,L
2067,0022301006,Rockets,W
2068,0022301007,Bucks,W
2069,0022301005,Wizards,W
2070,0022301004,Pelicans,L
2071,0022301005,Kings,L
2072,0022301008,Jazz,L
2073,0022301008,Mavericks,W
2074,0022301009,Nuggets,W
2075,0022301004,Magic,W
2076,0022301009,Knicks,L
2077,0022301007,Nets,L
2078,0022301018,Lakers,W
2079,0022301011,Pistons,L
2080,0022301015,Spurs,L
2081,0022301013,Pelicans,W
2082,0022301014,Timberwolves,W
2083,0022301017,Trail Blazers,L
2084,0022301011,Celtics,W
2085,0022301016,Warriors,L
2086,0022301012,Thunder,W
2087,0022301017,Clippers,W
2088,0022301012,Raptors,L
2089,0022301015,Grizzlies,W
2090,0022301014,Cavaliers,L
2091,0022301016,Pacers,W
2092,0022301013,Heat,L
2093,0022301018,76ers,L
2094,0022301026,Nuggets,W
2095,0022301019,Knicks,W
2096,0022301022,Wizards,W
2097,0022301023,Bulls,L
2098,0022301022,Raptors,L
2099,0022301026,Trail Blazers,L
2100,0022301023,Celtics,W
2101,0022301020,Magic,L
2102,0022301021,Hornets,L
2103,0022301025,Suns,W
2104,0022301024,Rockets,W
2105,0022301021,Hawks,W
2106,0022301024,Jazz,L
2107,0022301020,Kings,W
2108,0022301019,Nets,L
2109,0022301025,Spurs,L
2110,0022301029,Heat,W
2111,0022301027,Pelicans,W
2112,0022301027,Pistons,L
2113,0022301030,Bucks,W
2114,0022301031,Warriors,L
2115,0022301028,Clippers,L
2116,0022301032,Pacers,L
2117,0022301032,Lakers,W
2118,0022301030,Thunder,L
2119,0022301028,76ers,W
2120,0022301029,Cavaliers,L
2121,0022301031,Timberwolves,W
2122,0022301043,Clippers,L
2123,0022301036,Nets,W
2124,0022301040,Grizzlies,L
2125,0022301034,Hawks,W
2126,0022301034,Celtics,L
2127,0022301039,Suns,L
2128,0022301035,Pistons,L
2129,0022301035,Knicks,W
2130,0022301038,Rockets,W
2131,0022301037,Bulls,L
2132,0022301041,Jazz,L
2133,0022301040,Nuggets,W
2134,0022301042,76ers,L
2135,0022301037,Wizards,W
2136,0022301038,Trail Blazers,L
2137,0022301036,Raptors,L
2138,0022301041,Mavericks,W
2139,0022301039,Spurs,W
2140,0022301033,Hornets,L
2141,0022301042,Kings,W
2142,0022301043,Pacers,W
2143,0022301033,Cavaliers,W
2144,0022301044,Heat,L
2145,0022301047,Mavericks,W
2146,0022301047,Kings,L
2147,0022301045,Lakers,W
2148,0022301046,Pelicans,L
2149,0022301046,Thunder,W
2150,0022301044,Warriors,W
2151,0022301045,Bucks,L
2152,0022301051,Trail Blazers,L
2153,0022301055,Grizzlies,L
2154,0022301052,76ers,L
2155,0022301052,Clippers,W
2156,0022301057,Rockets,W
2157,0022301049,Warriors,W
2158,0022301056,Pistons,L
2159,0022301050,Nets,W
2160,0022301058,Spurs,W
2161,0022301058,Jazz,L
2162,0022301050,Wizards,L
2163,0022301057,Thunder,L
2164,0022301054,Pacers,L
2165,0022301056,Timberwolves,W
2166,0022301053,Raptors,L
2167,0022301049,Magic,L
2168,0022301055,Lakers,W
2169,0022301048,Hornets,W
2170,0022301054,Bulls,W
2171,0022301053,Knicks,W
2172,0022301048,Cavaliers,L
2173,0022301059,Nuggets,L
2174,0022301051,Hawks,W
2175,0022301059,Suns,W
2176,0022301060,Celtics,L
2177,0022301060,Hawks,W
2178,0022301061,Bucks,L
2179,0022301061,Pelicans,W
2180,0022301070,Spurs,W
2181,0022301064,Magic,L
2182,0022301072,Jazz,L
2183,0022301065,Pistons,W
2184,0022301073,Kings,L
2185,0022301073,Mavericks,W
2186,0022301069,Thunder,W
2187,0022301062,Hornets,L
2188,0022301066,Nets,W
2189,0022301063,Pacers,W
2190,0022301068,Trail Blazers,L
2191,0022301069,Suns,L
2192,0022301068,Heat,W
2193,0022301063,Lakers,L
2194,0022301071,Timberwolves,W
2195,0022301065,Wizards,L
2196,0022301064,Clippers,W
2197,0022301072,Rockets,W
2198,0022301062,Warriors,W
2199,0022301067,Cavaliers,W
2200,0022301071,Nuggets,L
2201,0022301067,76ers,L
2202,0022301066,Bulls,L
2203,0022301070,Knicks,L
2204,0022301076,Hawks,L
2205,0022301076,Bucks,W
2206,0022301075,Magic,W
2207,0022301075,Grizzlies,L
2208,0022301074,Celtics,W
2209,0022301074,Pelicans,L
2210,0022301078,Lakers,W
2211,0022301082,Knicks,L
2212,0022301084,Bulls,W
2213,0022301082,Thunder,W
2214,0022301079,Hornets,L
2215,0022301079,Clippers,W
2216,0022301080,Raptors,L
2217,0022301077,Cavaliers,L
2218,0022301081,Heat,W
2219,0022301084,Timberwolves,L
2220,0022301080,76ers,W
2221,0022301077,Nuggets,W
2222,0022301086,Jazz,L
2223,0022301085,Spurs,L
2224,0022301081,Wizards,L
2225,0022301083,Mavericks,W
2226,0022301085,Warriors,W
2227,0022301083,Rockets,L
2228,0022301078,Nets,L
2229,0022301086,Kings,W
2230,0022301087,Hornets,L
2231,0022301089,Nets,L
2232,0022301090,Magic,W
2233,0022301088,Grizzlies,W
2234,0022301092,Suns,W
2235,0022301090,Trail Blazers,L
2236,0022301091,Bulls,L
2237,0022301087,Celtics,W
2238,0022301089,Pacers,W
2239,0022301088,Pistons,L
2240,0022301091,Hawks,W
2241,0022301092,Pelicans,L
2242,0022301100,Cavaliers,W
2243,0022301094,Raptors,L
2244,0022301101,Clippers,L
2245,0022300589,Mavericks,L
2246,0022301093,Thunder,L
2247,0022301095,Bucks,L
2248,0022301096,Heat,W
2249,0022301093,76ers,W
2250,0022301100,Jazz,L
2251,0022301096,Knicks,L
2252,0022301095,Wizards,W
2253,0022301099,Spurs,L
2254,0022301094,Lakers,W
2255,0022301098,Timberwolves,W
2256,0022301101,Kings,W
2257,0022301099,Nuggets,W
2258,0022300589,Warriors,W
2259,0022301098,Rockets,L
2260,0022301104,Hawks,W
2261,0022301105,Celtics,W
2262,0022301105,Thunder,L
2263,0022301102,Hornets,L
2264,0022301108,Timberwolves,W
2265,0022301104,Pistons,L
2266,0022301110,Suns,W
2267,0022301106,Pacers,L
2268,0022301107,Grizzlies,W
2269,0022301103,Wizards,L
2270,0022301109,Pelicans,L
2271,0022301108,Raptors,L
2272,0022301110,Cavaliers,L
2273,0022301109,Magic,W
2274,0022301102,Trail Blazers,W
2275,0022301103,Lakers,W
2276,0022301106,Nets,W
2277,0022301107,Bucks,L
2278,0022301124,Hawks,L
2279,0022301112,Knicks,W
2280,0022301114,Clippers,W
2281,0022301124,Mavericks,W
2282,0022301113,Rockets,L
2283,0022301113,Warriors,W
2284,0022301114,Nuggets,L
2285,0022301111,Heat,L
2286,0022301112,Kings,L
2287,0022301111,76ers,W
2288,0022301097,Warriors,L
2289,0022301116,Thunder,L
2290,0022301116,Pacers,W
2291,0022301117,Trail Blazers,W
2292,0022301121,Pistons,L
2293,0022301119,Knicks,L
2294,0022301122,Raptors,W
2295,0022301125,Suns,W
2296,0022301122,Bucks,L
2297,0022301118,Celtics,W
2298,0022301126,Jazz,L
2299,0022301119,Bulls,W
2300,0022301123,Spurs,W
2301,0022301115,Hornets,W
2302,0022301097,Mavericks,W
2303,0022301115,Magic,L
2304,0022301126,Clippers,W
2305,0022301118,Kings,L
2306,0022301120,Heat,W
2307,0022301120,Rockets,L
2308,0022301117,Wizards,L
2309,0022301125,Timberwolves,L
2310,0022301121,Grizzlies,W
2311,0022301123,Pelicans,L
2312,0022301127,Lakers,W
2313,0022301128,Pistons,L
2314,0022301129,76ers,W
2315,0022301128,Nets,W
2316,0022301130,Hawks,L
2317,0022301130,Nuggets,W
2318,0022301129,Grizzlies,L
2319,0022301127,Cavaliers,L
2320,0022301131,Mavericks,W
2321,0022301140,76ers,W
2322,0022301143,Timberwolves,W
2323,0022301131,Rockets,L
2324,0022301140,Spurs,L
2325,0022301138,Suns,L
2326,0022301132,Cavaliers,L
2327,0022301133,Heat,L
2328,0022301139,Bucks,L
2329,0022301136,Magic,W
2330,0022301141,Kings,W
2331,0022301142,Jazz,L
2332,0022301137,Wizards,L
2333,0022301134,Celtics,W
2334,0022301139,Knicks,W
2335,0022301141,Nets,L
2336,0022301136,Bulls,L
2337,0022301138,Pelicans,W
2338,0022301137,Raptors,W
2339,0022301135,Thunder,W
2340,0022301134,Trail Blazers,L
2341,0022301142,Warriors,W
2342,0022301143,Lakers,L
2343,0022301135,Hornets,L
2344,0022301133,Pacers,W
2345,0022301132,Clippers,W
2346,0022301152,Timberwolves,W
2347,0022301144,Mavericks,W
2348,0022301155,Warriors,W
2349,0022301153,Thunder,W
2350,0022301148,Bucks,W
2351,0022301156,Suns,L
2352,0022301145,76ers,W
2353,0022301153,Kings,L
2354,0022301157,Pelicans,W
2355,0022301154,Nuggets,W
2356,0022301150,Rockets,W
2357,0022301144,Hornets,L
2358,0022301152,Wizards,L
2359,0022301156,Clippers,W
2360,0022301154,Jazz,L
2361,0022301151,Spurs,W
2362,0022301148,Celtics,L
2363,0022301147,Heat,W
2364,0022301155,Lakers,L
2365,0022301145,Pistons,L
2366,0022301149,Knicks,W
2367,0022301147,Hawks,L
2368,0022301150,Magic,L
2369,0022301157,Trail Blazers,L
2370,0022301146,Pacers,W
2371,0022301149,Bulls,L
2372,0022301151,Grizzlies,L
2373,0022301146,Raptors,L
2374,0022301164,Nuggets,W
2375,0022301159,Hawks,L
2376,0022301159,Hornets,W
2377,0022301158,Cavaliers,W
2378,0022301160,Raptors,L
2379,0022301165,Clippers,L
2380,0022301160,Nets,W
2381,0022301161,Heat,L
2382,0022301163,Spurs,L
2383,0022301162,Bucks,W
2384,0022301164,Timberwolves,L
2385,0022301165,Suns,W
2386,0022301161,Mavericks,W
2387,0022301163,Thunder,W
2388,0022301158,Grizzlies,L
2389,0022301162,Magic,L
2390,0022301169,Warriors,W
2391,0022301166,Bulls,W
2392,0022301166,Pistons,L
2393,0022301170,Pelicans,W
2394,0022301169,Trail Blazers,L
2395,0022301167,Knicks,W
2396,0022301170,Kings,L
2397,0022301168,Rockets,L
2398,0022301167,Celtics,L
2399,0022301168,Jazz,W
2400,0022301182,Warriors,L
2401,0022301173,Celtics,W
2402,0022301172,Wizards,L
2403,0022301175,Nets,L
2404,0022301177,Grizzlies,L
2405,0022301185,Suns,W
2406,0022301177,Lakers,W
2407,0022301181,Mavericks,L
2408,0022301183,Trail Blazers,L
2409,0022301182,Pelicans,W
2410,0022301175,Knicks,W
2411,0022301174,Cavaliers,W
2412,0022301181,Pistons,W
2413,0022301176,Heat,W
2414,0022301183,Rockets,W
2415,0022301178,Timberwolves,W
2416,0022301185,Kings,L
2417,0022301184,Jazz,W
2418,0022301178,Hawks,L
2419,0022301179,Thunder,W
2420,0022301172,Bulls,W
2421,0022301180,Nuggets,L
2422,0022301173,Hornets,L
2423,0022301176,Raptors,L
2424,0022301174,Pacers,L
2425,0022301171,76ers,W
2426,0022301171,Magic,L
2427,0022301184,Clippers,L
2428,0022301180,Spurs,W
2429,0022301179,Bucks,L
2430,0022301198,Warriors,W
2431,0022301198,Jazz,L
2432,0022301189,Raptors,L
2433,0022301195,Lakers,W
2434,0022301188,Hawks,L
2435,0022301190,Bulls,L
2436,0022301199,Rockets,W
2437,0022301191,Magic,W
2438,0022301197,Pistons,L
2439,0022301197,Spurs,W
2440,0022301193,Grizzlies,L
2441,0022301196,Thunder,W
2442,0022301192,76ers,W
2443,0022301196,Mavericks,L
2444,0022301193,Nuggets,W
2445,0022301200,Trail Blazers,L
2446,0022301192,Nets,L
2447,0022301199,Clippers,L
2448,0022301186,Celtics,W
2449,0022301186,Wizards,L
2450,0022301195,Pelicans,L
2451,0022301190,Knicks,W
2452,0022301194,Suns,W
2453,0022301188,Pacers,W
2454,0022301194,Timberwolves,L
2455,0022301187,Hornets,W
2456,0022301187,Cavaliers,L
2457,0022301191,Bucks,L
2458,0022301200,Kings,W
2459,0022301189,Heat,W
