,FIELD_GOAL_MADE,FIELD_GOAL_MISSED,FREE_THROW,REBOUND,TURNOVER,FOUL,VIOLATION,SUBSTITUTION,EJECTION,FGA
0,18,40,6,24,4,15,0,14,0,58
1,22,23,15,33,9,7,1,13,0,45
2,22,27,6,24,5,12,1,13,0,49
3,24,24,11,24,5,3,0,11,0,48
4,22,20,17,25,7,7,0,14,0,42
5,25,25,3,22,5,13,0,13,0,50
6,27,16,8,22,10,8,0,13,0,43
7,28,27,7,19,4,8,0,11,0,55
8,20,25,9,27,8,11,0,10,0,45
9,16,18,11,15,10,8,0,15,0,34
10,19,25,20,27,7,7,1,12,0,44
11,27,26,6,25,6,13,0,13,0,53
12,19,27,7,17,11,12,2,12,0,46
13,26,20,7,25,12,9,0,12,0,46
14,20,22,4,25,7,10,0,11,0,42
15,17,33,10,24,4,7,0,11,0,50
16,17,30,8,18,6,11,3,13,0,47
17,19,20,13,28,11,12,1,11,0,39
18,26,22,11,22,7,11,1,16,0,48
19,23,23,14,22,8,9,0,14,0,46
20,18,23,7,27,14,12,0,14,0,41
21,20,26,16,21,4,8,1,15,0,46
22,19,21,14,24,12,11,0,13,0,40
23,19,29,18,26,8,10,0,10,0,48
24,21,20,13,22,10,12,0,16,0,41
25,19,28,15,23,8,13,0,14,0,47
26,18,32,13,24,6,14,0,16,0,50
27,16,32,20,32,7,10,1,13,0,48
28,23,17,17,25,8,13,1,15,0,40
29,18,19,20,16,7,13,0,12,0,37
30,19,25,12,27,7,9,2,11,0,44
31,18,23,12,22,10,13,0,12,0,41
32,23,20,17,23,6,6,0,10,0,43
33,22,23,8,20,7,15,0,12,0,45
34,23,23,10,19,8,12,1,12,0,46
35,19,16,12,15,10,11,0,10,0,35
36,22,24,5,24,9,12,0,10,0,46
37,23,22,6,20,8,8,0,12,0,45
38,24,23,7,22,7,8,1,14,0,47
39,22,22,5,20,9,9,0,13,0,44
40,24,21,14,20,6,11,0,10,0,45
41,22,20,12,17,9,9,1,10,0,42
42,21,24,4,17,7,10,0,14,0,45
43,21,23,13,25,9,7,1,12,0,44
44,16,30,12,20,11,13,2,11,0,46
45,20,20,11,25,15,12,0,15,0,40
46,15,31,12,25,7,8,1,16,0,46
47,20,26,8,28,8,8,1,13,0,46
48,16,29,7,24,8,7,1,12,0,45
49,16,24,2,25,11,11,0,13,0,40
50,24,28,7,30,9,7,2,10,0,52
51,21,27,7,25,7,8,0,12,0,48
52,19,26,16,28,11,12,0,16,0,45
53,23,25,11,21,6,10,1,13,0,48
54,21,19,10,17,8,9,0,12,0,40
55,22,23,11,19,4,11,0,9,0,45
56,24,29,8,26,2,10,1,12,0,53
57,20,29,9,28,5,9,1,10,0,49
58,20,24,4,21,9,10,0,13,0,44
59,23,20,13,21,3,9,0,13,0,43
60,15,30,6,28,10,6,0,9,0,45
61,23,23,5,23,6,11,0,15,0,46
62,22,23,6,21,5,7,0,8,0,45
63,24,23,3,24,6,7,0,11,0,47
64,23,15,7,20,6,7,0,14,0,38
65,19,28,4,18,4,8,0,12,0,47
66,15,28,8,27,8,8,1,16,0,43
67,21,29,8,23,4,9,0,12,0,50
68,20,24,19,21,7,14,0,12,0,44
69,20,20,24,22,6,14,0,10,0,40
70,15,24,5,18,15,11,2,12,0,39
71,23,24,6,25,10,9,0,14,0,47
72,16,30,8,19,4,7,0,12,0,46
73,21,23,5,27,8,9,0,11,0,44
74,17,26,23,25,6,8,0,11,0,43
75,27,24,5,21,5,13,1,12,0,51
76,17,31,14,25,9,11,0,12,0,48
77,26,26,8,28,6,9,0,11,0,52
78,28,24,11,30,3,9,0,11,0,52
79,20,30,10,16,2,11,1,10,0,50
80,23,24,9,27,7,7,1,13,0,47
81,23,27,5,22,6,7,0,10,0,50
82,16,29,13,26,9,11,0,14,0,45
83,20,23,15,25,7,9,3,13,0,43
84,19,24,3,21,9,9,0,11,0,43
85,20,21,10,22,7,6,1,12,0,41
86,17,25,14,19,7,8,0,10,0,42
87,23,24,10,23,8,13,0,12,0,47
88,21,24,10,21,8,14,0,12,0,45
89,23,18,8,17,10,10,0,11,0,41
90,23,22,8,23,8,10,1,11,0,45
91,23,23,14,21,6,9,0,10,0,46
92,20,23,12,20,6,11,1,12,0,43
93,18,21,14,22,9,9,0,12,0,39
94,21,21,9,13,6,8,0,11,0,42
95,31,15,8,19,2,11,0,11,0,46
96,21,27,8,19,5,11,0,11,0,48
97,24,19,16,27,8,10,0,13,0,43
98,31,22,6,25,6,7,1,9,0,53
99,21,24,6,20,10,6,1,10,0,45
100,17,29,11,28,8,9,1,12,0,46
101,25,24,2,25,5,11,0,15,0,49
102,19,22,7,23,11,17,0,11,0,41
103,15,30,17,23,8,7,1,11,0,45
104,21,26,10,23,7,9,0,11,0,47
105,20,29,8,25,6,8,1,12,0,49
106,17,28,9,18,8,9,1,13,0,45
107,24,22,6,25,9,10,0,11,0,46
108,22,19,8,16,8,11,1,14,0,41
109,19,22,13,22,8,9,0,13,0,41
110,26,22,14,28,6,8,1,11,0,48
111,25,25,3,14,5,11,0,15,0,50
112,18,22,6,18,12,11,1,11,0,40
113,25,19,10,21,7,9,0,10,0,44
114,23,23,13,23,6,8,1,9,0,46
115,18,29,6,25,10,10,0,12,0,47
116,26,22,5,32,10,11,0,15,0,48
117,13,27,18,16,7,8,2,12,0,40
118,19,28,11,30,7,14,2,19,0,47
119,14,40,14,34,6,9,0,15,0,54
120,22,21,11,19,9,9,0,14,0,43
121,24,21,7,21,11,10,0,9,0,45
122,18,23,11,21,6,5,0,13,0,41
123,20,24,4,24,6,10,0,13,0,44
124,17,26,14,22,10,5,0,11,0,43
125,23,22,5,21,8,16,0,13,0,45
126,16,21,10,19,8,14,0,14,0,37
127,19,28,13,28,7,7,0,11,0,47
128,13,33,14,12,9,14,0,16,0,46
129,27,12,14,26,12,9,0,12,0,39
130,20,23,11,27,12,9,0,10,0,43
131,16,28,11,20,10,8,0,14,0,44
132,25,26,5,33,9,7,0,10,0,51
133,21,33,4,21,4,5,0,13,0,54
134,21,17,10,17,11,9,0,11,0,38
135,29,24,5,21,4,10,1,16,0,53
136,20,23,15,21,7,11,0,9,0,43
137,18,22,9,23,10,12,1,14,0,40
138,22,24,14,25,11,14,0,15,0,46
139,22,26,19,24,8,12,0,12,0,48
140,24,16,18,23,4,6,0,14,0,40
141,19,32,7,24,8,16,1,17,0,51
142,26,20,14,23,9,7,0,11,0,46
143,22,23,7,17,8,13,0,15,0,45
144,23,23,3,17,5,4,0,12,0,46
145,23,17,6,19,7,7,0,10,0,40
146,16,35,12,34,6,10,0,13,0,51
147,19,23,10,19,6,8,0,11,0,42
148,24,17,13,16,11,6,0,13,0,41
149,25,20,7,19,13,10,0,14,0,45
150,19,26,13,23,5,7,1,10,0,45
151,21,24,8,21,6,10,0,16,0,45
152,24,16,6,19,9,7,1,11,0,40
153,22,17,7,15,11,7,1,11,0,39
154,26,20,11,25,11,10,0,11,0,46
155,20,21,10,13,10,11,2,15,0,41
156,18,19,9,14,11,13,0,11,0,37
157,25,26,11,27,9,9,1,10,0,51
158,16,32,12,20,6,6,0,12,0,48
159,19,24,11,29,12,11,0,8,0,43
160,24,23,17,28,5,11,0,10,0,47
161,20,32,14,21,0,12,1,17,0,52
162,22,23,14,23,6,5,1,12,0,45
163,21,31,9,31,8,11,1,12,0,52
164,23,20,10,22,4,7,0,14,0,43
165,19,30,2,24,7,9,1,13,0,49
166,24,20,7,20,4,7,0,12,0,44
167,20,23,7,20,6,10,1,12,0,43
168,18,36,6,23,7,11,0,13,0,54
169,21,22,11,25,9,8,0,13,0,43
170,18,24,12,20,8,10,1,12,0,42
171,17,21,14,22,9,10,1,13,0,38
172,27,20,10,24,5,12,2,15,0,47
173,16,31,16,21,4,9,0,13,0,47
174,23,21,3,28,12,8,0,16,0,44
175,13,28,6,18,12,5,0,12,0,41
176,24,22,12,22,6,12,1,14,0,46
177,21,24,9,24,8,14,0,10,0,45
178,20,24,7,16,8,12,0,15,0,44
179,22,25,13,26,8,6,1,13,0,47
180,14,33,13,27,8,9,0,19,0,47
181,20,26,13,30,6,10,0,16,0,46
182,29,21,14,26,5,17,0,13,0,50
183,20,24,22,16,4,9,0,13,0,44
184,19,19,4,25,14,10,0,13,0,38
185,25,28,8,21,4,7,1,12,0,53
186,28,19,6,19,3,5,0,12,0,47
187,24,26,8,23,4,6,0,12,0,50
188,21,26,11,21,9,11,0,10,0,47
189,27,22,13,24,5,9,1,7,0,49
190,19,29,15,27,8,11,2,13,0,48
191,20,24,9,21,12,13,0,9,0,44
192,15,25,9,24,11,6,0,10,0,40
193,18,20,5,19,10,6,0,14,0,38
194,24,27,7,21,4,5,0,11,0,51
195,27,23,3,23,4,6,0,11,0,50
196,20,27,10,29,6,9,1,15,0,47
197,16,39,15,37,6,5,1,10,0,55
198,17,22,7,18,7,4,1,13,0,39
199,24,27,4,25,6,6,0,11,0,51
200,20,15,22,21,3,7,1,11,0,35
201,16,27,4,18,7,17,0,14,0,43
202,19,19,12,10,10,12,0,12,0,38
203,26,18,9,20,12,11,0,10,0,44
204,24,22,7,21,4,9,0,11,0,46
205,24,19,8,20,7,9,0,11,0,43
206,19,23,13,23,7,8,0,11,0,42
207,20,24,13,18,4,10,0,11,0,44
208,24,25,12,21,7,6,0,13,0,49
209,25,23,5,24,11,11,1,13,0,48
210,27,28,4,25,6,9,0,12,0,55
211,21,21,7,22,11,6,0,12,0,42
212,17,21,17,23,9,9,0,12,0,38
213,16,30,8,21,8,12,0,14,0,46
214,26,21,12,18,4,10,0,16,0,47
215,21,18,19,20,11,10,1,12,0,39
216,25,27,9,25,2,3,0,10,0,52
217,22,22,3,20,8,9,0,12,0,44
218,27,21,9,26,6,15,0,16,0,48
219,16,23,16,17,7,8,0,14,0,39
220,21,28,10,25,8,14,0,17,0,49
221,20,23,21,20,4,14,0,12,0,43
222,19,30,7,28,6,6,0,11,0,49
223,18,29,4,26,9,8,1,13,0,47
224,24,26,9,29,5,11,0,11,0,50
225,19,28,14,23,5,7,1,12,0,47
226,18,25,12,22,7,11,1,17,0,43
227,23,23,11,25,6,12,1,12,0,46
228,18,22,7,22,7,8,1,12,0,40
229,20,31,6,27,1,8,1,12,0,51
230,20,20,19,19,6,11,0,10,0,40
231,22,26,12,23,7,15,0,18,0,48
232,17,26,7,17,10,9,0,10,0,43
233,27,17,5,21,7,9,1,9,0,44
234,23,15,20,16,12,15,1,13,0,38
235,24,24,20,24,12,13,1,14,0,48
236,23,20,12,19,7,10,1,14,0,43
237,22,26,9,22,4,13,0,13,0,48
238,27,22,13,26,5,12,0,16,0,49
239,15,21,19,18,9,18,1,13,0,36
240,23,26,11,26,2,6,0,11,0,49
241,19,24,6,24,5,9,0,11,0,43
242,22,27,8,22,4,6,0,12,0,49
243,23,24,6,29,9,6,0,12,0,47
244,26,31,9,30,4,7,1,13,0,57
245,23,19,9,19,6,9,1,11,0,42
246,21,24,10,29,8,16,1,14,0,45
247,13,30,22,21,4,10,0,10,0,43
248,25,26,4,17,7,11,1,15,0,51
249,25,14,15,14,6,5,1,10,0,39
250,19,27,10,22,5,12,2,13,0,46
251,18,19,15,22,9,9,0,13,0,37
252,21,24,14,18,6,12,0,12,0,45
253,22,26,17,32,8,12,1,13,0,48
254,18,29,6,23,9,7,0,13,0,47
255,20,27,10,28,6,10,0,12,0,47
256,17,27,9,18,5,7,0,13,0,44
257,22,18,7,21,8,9,1,11,0,40
258,19,19,16,15,9,15,1,13,0,38
259,21,24,21,25,6,14,1,11,0,45
260,22,23,21,23,2,12,1,14,0,45
261,17,26,16,26,9,16,1,15,0,43
262,25,23,8,17,3,5,0,12,0,48
263,18,24,8,26,12,6,0,11,0,42
264,19,34,5,38,9,8,0,15,0,53
265,15,30,9,20,5,5,0,10,0,45
266,19,20,13,22,9,8,2,14,0,39
267,19,30,12,28,8,16,0,16,0,49
268,25,27,10,21,4,11,0,15,0,52
269,19,25,15,29,11,10,0,14,0,44
270,21,20,16,27,8,7,0,12,0,41
271,21,25,9,13,1,11,0,11,0,46
272,20,29,4,21,8,12,0,15,0,49
273,17,23,12,25,10,9,0,13,0,40
274,17,28,14,28,4,4,1,11,0,45
275,21,30,6,31,6,10,0,14,0,51
276,17,28,10,23,6,7,0,13,0,45
277,21,26,6,26,6,8,1,11,0,47
278,22,23,15,21,5,8,2,9,0,45
279,22,22,8,18,7,12,0,9,0,44
280,26,23,14,24,7,9,0,9,0,49
281,23,21,11,14,6,9,2,12,0,44
282,18,28,9,30,10,10,1,13,0,46
283,21,31,8,24,3,9,1,11,0,52
284,26,24,7,18,2,7,0,10,0,50
285,23,19,5,17,7,13,0,16,0,42
286,21,21,4,20,4,6,0,8,0,42
287,21,27,3,22,2,7,0,7,0,48
288,26,16,12,17,5,8,0,14,0,42
289,22,20,10,18,7,9,1,16,0,42
290,25,15,9,21,11,8,1,9,0,40
291,19,28,8,20,7,9,0,11,0,47
292,21,22,9,29,11,10,0,12,0,43
293,17,30,7,17,4,10,0,14,0,47
294,23,22,7,20,5,9,0,11,0,45
295,18,23,7,26,12,7,1,14,0,41
296,19,33,3,17,6,9,2,12,0,52
297,25,20,15,28,7,7,1,11,0,45
298,22,21,11,20,4,8,2,9,0,43
299,17,26,14,24,7,9,0,9,0,43
300,22,24,8,24,9,11,0,15,2,46
301,19,22,11,19,9,11,1,14,1,41
302,22,25,12,16,5,7,0,14,0,47
303,21,26,2,23,12,9,1,13,0,47
304,21,24,10,22,8,11,0,12,0,45
305,20,18,14,19,6,6,0,11,0,38
306,22,21,8,23,12,11,1,11,0,43
307,24,29,13,23,4,7,1,10,0,53
308,25,22,14,19,5,8,0,13,0,47
309,18,30,12,25,10,8,0,15,0,48
310,25,18,7,21,8,12,1,12,0,43
311,24,23,15,21,6,7,1,13,0,47
312,18,25,16,22,8,9,0,10,0,43
313,24,24,8,21,6,16,0,17,0,48
314,22,23,7,20,6,7,1,8,0,45
315,22,22,8,21,7,6,0,12,0,44
316,29,24,6,27,7,8,0,16,0,53
317,22,23,11,19,8,6,0,10,0,45
318,25,28,1,22,6,8,0,10,0,53
319,22,16,7,15,6,8,0,12,0,38
320,17,26,13,21,7,13,1,12,0,43
321,25,22,16,26,5,9,0,11,0,47
322,11,30,10,30,13,13,0,11,0,41
323,16,29,18,27,5,9,1,10,0,45
324,20,18,14,24,8,10,0,16,0,38
325,17,30,8,16,6,12,0,16,0,47
326,18,22,15,16,5,9,1,10,0,40
327,29,17,9,17,3,8,0,13,0,46
328,23,20,15,24,8,10,0,12,0,43
329,18,24,8,19,12,13,0,11,0,42
330,24,23,12,22,7,12,1,16,0,47
331,23,27,9,24,9,11,0,13,0,50
332,18,23,11,19,7,12,0,15,0,41
333,20,23,12,21,4,9,0,13,0,43
334,25,25,7,27,4,5,1,10,0,50
335,20,26,4,18,6,6,0,13,0,46
336,24,28,6,22,7,8,1,19,0,52
337,24,19,4,18,8,10,0,10,0,43
338,25,20,16,17,4,10,0,16,0,45
339,26,20,16,19,2,11,0,11,0,46
340,11,25,10,19,11,10,0,11,0,36
341,19,21,8,24,7,10,1,12,0,40
342,25,20,5,16,6,2,0,8,0,45
343,21,24,3,26,13,8,0,15,0,45
344,25,22,9,25,5,7,0,8,0,47
345,21,19,6,13,9,8,1,10,0,40
346,20,25,13,24,6,9,0,11,0,45
347,19,26,12,22,7,9,0,11,0,45
348,20,29,6,21,4,17,0,12,0,49
349,15,20,19,26,9,8,1,12,0,35
350,23,23,7,23,6,10,0,9,0,46
351,22,25,9,24,5,6,2,15,0,47
352,24,23,5,20,9,11,1,13,0,47
353,28,18,11,18,6,6,0,18,0,46
354,23,21,12,23,7,8,0,10,0,44
355,21,29,7,28,10,9,0,9,0,50
356,24,19,8,14,7,12,0,14,0,43
357,22,20,13,23,10,11,1,15,0,42
358,20,27,9,20,7,10,1,12,0,47
359,21,21,15,25,8,10,0,14,0,42
360,18,23,12,17,10,21,0,14,0,41
361,20,20,23,23,5,12,0,13,0,40
362,24,25,5,22,4,7,0,10,0,49
363,24,29,2,27,7,5,0,15,0,53
364,22,29,10,27,4,8,0,9,0,51
365,19,24,8,23,6,12,0,13,0,43
366,16,25,15,21,7,9,0,14,0,41
367,13,26,13,22,6,14,0,11,0,39
368,24,23,4,20,5,13,0,14,0,47
369,23,23,16,26,5,5,0,13,0,46
370,21,20,13,22,7,9,0,10,0,41
371,19,31,7,21,3,11,1,15,0,50
372,20,26,6,22,7,9,0,15,0,46
373,21,23,6,22,8,8,0,17,0,44
374,30,21,19,24,2,10,1,12,0,51
375,15,28,13,16,12,15,1,17,0,43
376,19,25,8,27,5,5,0,15,0,44
377,23,26,7,24,1,9,1,9,0,49
378,25,19,13,19,5,12,0,14,0,44
379,22,20,15,19,6,12,0,13,0,42
380,16,26,13,13,10,10,0,12,0,42
381,28,11,9,20,9,10,0,14,0,39
382,28,24,9,24,4,8,0,12,0,52
383,17,27,12,20,8,8,0,14,0,44
384,25,22,7,23,10,8,0,12,0,47
385,23,30,9,25,8,9,1,10,0,53
386,22,24,6,22,4,8,0,14,0,46
387,22,23,17,25,2,4,1,11,0,45
388,21,21,11,15,5,12,1,14,0,42
389,22,19,11,22,6,10,2,15,1,41
390,23,18,15,22,8,9,0,9,0,41
391,19,27,10,21,6,10,1,13,0,46
392,22,18,11,19,4,9,0,13,0,40
393,20,28,7,23,4,11,0,10,0,48
394,26,19,11,28,5,8,1,17,0,45
395,18,29,13,18,4,11,1,15,0,47
396,29,24,2,15,0,7,0,10,0,53
397,28,19,9,25,5,4,0,11,0,47
398,24,18,11,17,2,9,0,10,0,42
399,19,19,9,18,5,9,0,11,0,38
400,20,33,12,27,3,11,1,10,0,53
401,21,19,15,21,8,11,0,11,0,40
402,27,19,11,25,4,10,0,16,0,46
403,19,25,14,18,6,10,0,9,0,44
404,25,23,20,17,7,11,0,14,0,48
405,33,20,12,22,7,14,0,10,0,53
406,22,19,6,18,8,10,1,11,0,41
407,28,22,5,17,4,8,0,8,0,50
408,20,25,4,17,9,12,0,13,0,45
409,19,17,16,18,8,9,0,15,0,36
410,22,20,17,28,7,7,0,11,0,42
411,16,32,8,24,9,13,0,10,0,48
412,16,24,11,18,9,16,0,17,0,40
413,21,25,24,25,3,11,0,14,0,46
414,24,21,7,12,6,8,2,13,0,45
415,27,16,8,20,9,6,0,11,0,43
416,24,30,11,29,8,12,0,9,0,54
417,27,27,11,26,5,8,0,12,0,54
418,25,18,6,21,6,7,0,10,0,43
419,21,30,7,22,5,7,0,11,0,51
420,20,24,7,30,7,6,0,14,0,44
421,13,31,4,20,4,6,2,11,0,44
422,23,20,9,21,5,10,0,15,0,43
423,21,21,12,17,3,9,1,11,0,42
424,16,26,17,25,8,12,0,14,0,42
425,22,27,11,22,3,10,1,10,0,49
426,24,27,6,27,2,9,1,13,0,51
427,17,26,11,25,6,6,1,13,0,43
428,19,22,27,22,5,12,0,19,0,41
429,15,22,14,20,11,19,1,17,1,37
430,19,24,5,21,6,9,1,11,0,43
431,20,26,10,25,5,5,1,10,0,46
432,20,15,10,18,13,10,0,15,0,35
433,24,21,12,15,4,13,0,11,0,45
434,18,19,17,23,11,13,2,12,0,37
435,15,29,15,21,7,13,0,12,0,44
436,14,18,21,18,7,8,1,12,0,32
437,16,28,9,19,5,13,0,11,0,44
438,26,25,6,22,6,9,0,11,0,51
439,17,18,9,19,14,7,0,11,0,35
440,19,27,8,19,4,9,0,12,0,46
441,20,19,10,23,9,6,0,9,0,39
442,21,19,12,20,9,13,0,11,0,40
443,17,26,13,23,10,14,0,11,0,43
444,22,23,7,16,4,9,0,12,0,45
445,22,21,7,23,8,9,0,13,0,43
446,18,22,10,17,6,11,0,11,0,40
447,24,17,9,22,9,9,0,12,0,41
448,15,33,10,25,9,6,0,13,0,48
449,22,20,10,22,3,7,0,11,0,42
450,22,29,10,26,4,7,0,9,0,51
451,25,21,8,23,6,12,0,11,0,46
452,22,19,17,22,4,8,0,11,0,41
453,19,23,8,20,5,14,1,11,0,42
454,21,26,11,13,4,10,1,12,0,47
455,24,26,12,28,6,8,0,13,0,50
456,22,25,8,23,9,10,0,13,0,47
457,21,27,6,23,8,5,0,11,0,48
458,22,19,17,17,7,5,0,9,0,41
459,27,21,2,18,8,13,1,13,0,48
460,21,24,19,25,7,13,0,14,0,45
461,23,26,8,16,2,12,0,14,0,49
462,19,29,15,26,8,8,1,15,0,48
463,15,29,9,28,15,9,0,10,0,44
464,25,22,17,19,5,7,0,12,0,47
465,28,18,10,19,9,9,0,10,0,46
466,17,29,10,17,1,13,0,13,0,46
467,20,25,18,30,3,10,1,12,0,45
468,20,20,14,20,6,9,0,16,0,40
469,19,23,7,21,11,8,0,11,0,42
470,27,28,9,24,2,6,0,11,0,55
471,22,20,6,21,12,8,0,11,0,42
472,22,28,16,31,6,10,0,12,0,50
473,21,22,11,17,4,11,0,10,0,43
474,26,29,10,32,4,6,0,11,0,55
475,19,28,8,22,7,10,0,13,0,47
476,17,20,16,19,7,8,0,10,0,37
477,22,24,3,22,5,10,0,8,0,46
478,21,17,14,21,6,16,0,10,0,38
479,15,29,17,13,5,9,0,11,0,44
480,19,26,1,21,9,5,0,12,0,45
481,21,26,8,27,6,3,0,11,0,47
482,25,17,3,17,9,9,0,16,0,42
483,24,21,11,20,8,8,0,12,0,45
484,19,27,10,23,10,10,1,12,0,46
485,25,23,11,21,9,10,1,11,0,48
486,25,15,18,20,12,14,0,12,0,40
487,20,26,12,18,11,14,1,17,0,46
488,21,27,12,25,5,10,0,10,0,48
489,24,23,11,27,8,11,0,12,0,47
490,19,26,12,20,4,9,0,10,0,45
491,23,22,8,24,5,10,0,12,0,45
492,23,27,7,26,7,11,0,12,0,50
493,20,22,12,20,10,8,1,11,0,42
494,24,25,8,18,0,8,0,10,0,49
495,24,17,4,16,6,7,0,9,0,41
496,22,18,13,19,7,12,1,17,0,40
497,23,22,15,18,4,9,1,10,0,45
498,22,24,13,24,4,13,0,13,0,46
499,24,24,15,20,2,9,1,11,0,48
500,20,26,12,18,6,9,0,15,0,46
501,25,21,10,29,11,10,0,16,0,46
502,26,14,5,23,9,7,0,12,0,40
503,21,28,3,15,3,5,0,15,0,49
504,18,28,2,23,9,7,0,14,0,46
505,17,22,13,25,8,4,0,10,0,39
506,21,29,12,23,6,9,0,14,0,50
507,25,21,10,26,10,9,0,14,0,46
508,19,25,10,18,5,13,1,15,0,44
509,19,20,13,19,7,13,0,10,0,39
510,22,19,15,18,6,10,0,12,0,41
511,17,26,12,22,10,11,0,11,0,43
512,18,32,5,25,5,5,0,11,0,50
513,23,25,3,30,6,6,1,9,0,48
514,23,22,14,24,7,9,1,9,0,45
515,21,23,12,16,5,10,0,8,0,44
516,17,29,12,27,8,9,0,18,0,46
517,27,25,10,25,1,8,1,9,0,52
518,19,33,3,21,7,14,1,12,0,52
519,24,22,13,27,6,4,2,12,0,46
520,18,26,15,23,6,8,1,13,0,44
521,23,23,10,22,4,9,1,11,0,46
522,14,30,7,23,10,7,0,10,0,44
523,26,20,2,24,4,9,0,9,0,46
524,24,24,3,16,4,7,0,11,0,48
525,30,23,8,22,2,6,0,12,0,53
526,24,17,16,22,8,11,1,14,0,41
527,17,22,10,13,14,12,0,18,0,39
528,17,27,10,29,13,10,0,15,0,44
529,21,23,10,19,6,10,0,10,0,44
530,23,20,18,15,7,13,0,15,0,43
531,27,17,15,19,7,12,0,17,0,44
532,21,26,13,20,6,12,0,13,0,47
533,25,21,18,28,7,9,0,16,0,46
534,19,28,5,20,4,9,1,10,0,47
535,17,27,8,29,9,9,0,13,0,44
536,26,21,10,24,7,10,2,13,0,47
537,28,20,12,18,5,8,0,10,0,48
538,17,21,2,22,15,6,0,10,0,38
539,21,25,1,20,10,6,0,10,0,46
540,18,27,14,22,8,6,0,9,0,45
541,21,22,5,27,14,15,1,14,0,43
542,21,23,11,28,4,8,1,13,0,44
543,19,28,12,19,1,7,0,10,0,47
544,25,19,8,22,11,8,0,10,0,44
545,22,28,12,20,7,12,0,15,0,50
546,27,19,12,19,8,9,0,15,0,46
547,24,19,12,19,11,11,1,10,0,43
548,21,21,19,17,4,10,0,15,0,42
549,21,23,14,23,7,12,0,14,0,44
550,23,28,7,22,5,8,2,10,0,51
551,22,27,13,28,6,11,1,12,0,49
552,21,22,16,17,4,11,1,10,0,43
553,23,22,8,23,9,13,0,11,0,45
554,24,21,5,23,7,8,0,14,0,45
555,17,31,5,23,8,5,0,11,0,48
556,31,15,1,14,4,10,2,11,0,46
557,24,20,9,17,6,5,0,13,0,44
558,26,21,12,17,4,11,0,15,0,47
559,24,23,10,20,7,11,0,13,0,47
560,27,20,5,22,8,10,0,10,0,47
561,24,26,11,19,5,6,0,12,0,50
562,15,29,11,20,7,9,0,11,0,44
563,22,21,10,27,8,11,0,11,0,43
564,21,22,14,15,3,5,0,12,0,43
565,24,18,8,20,9,11,1,12,0,42
566,21,23,5,19,5,9,0,13,0,44
567,24,18,12,21,4,6,3,14,0,42
568,19,25,13,20,8,9,1,13,0,44
569,19,26,7,24,9,12,0,12,0,45
570,25,25,20,34,4,17,0,14,0,50
571,14,33,23,20,3,14,0,11,0,47
572,26,23,5,25,5,9,2,13,0,49
573,22,31,10,22,4,4,0,13,0,53
574,19,24,8,27,8,9,1,13,0,43
575,21,25,9,21,3,6,1,11,0,46
576,22,21,14,23,4,7,2,10,0,43
577,18,22,5,19,8,14,0,12,0,40
578,20,28,3,18,5,10,1,10,0,48
579,23,19,10,23,6,4,0,12,0,42
580,17,24,24,25,8,12,2,9,0,41
581,25,29,11,26,5,15,1,11,0,54
582,16,29,9,19,4,7,0,13,0,45
583,24,29,2,34,7,8,0,13,0,53
584,20,21,16,20,10,12,0,18,0,41
585,24,20,14,19,8,10,0,12,0,44
586,17,20,11,22,13,11,0,12,0,37
587,22,33,14,24,4,11,0,12,0,55
588,26,19,18,18,7,9,0,11,0,45
589,28,15,9,10,7,13,1,12,0,43
590,22,27,5,24,8,9,1,13,0,49
591,22,22,13,21,5,6,0,9,0,44
592,23,20,14,21,3,5,0,10,0,43
593,25,22,6,18,2,12,0,11,0,47
594,19,24,6,18,9,9,0,10,0,43
595,30,21,8,23,3,4,0,11,0,51
596,22,22,16,24,8,6,0,9,0,44
597,28,23,1,17,3,10,0,10,0,51
598,24,22,9,26,8,15,0,14,0,46
599,18,20,23,15,6,11,1,13,0,38
600,15,29,19,27,10,9,1,13,0,44
601,19,35,10,29,5,16,0,13,0,54
602,18,32,12,29,8,13,0,12,0,50
603,20,23,14,23,7,11,0,12,0,43
604,22,21,8,28,10,10,0,17,0,43
605,18,28,13,16,2,10,2,18,0,46
606,22,31,8,24,3,9,0,13,0,53
607,16,23,12,25,9,8,0,12,0,39
608,22,25,7,21,9,4,0,13,0,47
609,24,21,2,23,10,8,0,9,0,45
610,18,28,6,24,6,7,0,12,0,46
611,18,26,7,28,10,8,1,15,0,44
612,20,26,9,23,7,10,0,11,0,46
613,25,25,13,24,3,7,0,11,0,50
614,24,21,9,23,8,7,0,11,0,45
615,21,26,10,24,8,10,0,12,0,47
616,21,19,13,27,15,13,0,12,0,40
617,21,23,13,15,4,12,0,14,0,44
618,17,23,10,20,8,8,1,13,0,40
619,23,20,11,21,5,7,0,10,0,43
620,18,24,12,21,7,6,1,11,0,42
621,21,33,6,28,3,10,0,12,0,54
622,19,31,6,24,5,12,0,13,0,50
623,22,20,15,27,7,6,0,11,0,42
624,21,20,12,27,7,9,1,14,0,41
625,20,33,12,26,5,10,0,14,0,53
626,28,20,10,17,4,10,0,10,0,48
627,23,20,17,19,6,11,0,9,0,43
628,23,23,8,21,11,10,0,11,0,46
629,25,16,8,14,9,7,0,12,0,41
630,20,23,11,17,4,13,1,13,0,43
631,20,28,15,28,5,8,0,11,0,48
632,21,19,13,19,7,9,0,9,0,40
633,17,30,9,19,7,9,1,11,0,47
634,26,18,16,19,9,15,0,14,0,44
635,20,32,13,22,7,15,0,10,0,52
636,21,28,10,30,6,10,0,16,0,49
637,18,26,8,22,9,10,0,11,0,44
638,18,28,10,25,5,9,0,8,0,46
639,17,25,9,23,7,9,1,10,0,42
640,22,26,11,25,8,6,1,10,0,48
641,25,30,10,26,4,8,0,14,0,55
642,17,25,10,22,6,6,0,11,0,42
643,19,27,7,23,8,10,1,17,0,46
644,26,26,9,24,5,12,0,9,0,52
645,17,26,14,27,14,6,0,11,0,43
646,28,19,3,15,2,12,0,9,0,47
647,22,22,17,21,6,6,1,9,0,44
648,22,22,12,25,8,12,0,12,0,44
649,20,26,11,23,6,10,1,11,0,46
650,26,19,11,19,1,9,0,10,0,45
651,25,23,8,19,2,9,1,13,0,48
652,24,23,8,22,7,8,0,12,0,47
653,20,28,6,21,6,11,0,12,0,48
654,18,27,10,27,8,11,0,13,0,45
655,16,32,18,27,4,9,0,17,0,48
656,28,20,3,20,10,10,0,13,0,48
657,22,19,13,18,10,5,0,14,0,41
658,27,22,6,25,6,9,0,12,0,49
659,23,21,7,13,5,5,0,12,0,44
660,18,23,14,26,8,13,0,16,0,41
661,18,28,13,20,5,12,0,10,0,46
662,19,25,7,15,5,10,0,13,0,44
663,19,22,14,23,4,8,0,10,0,41
664,24,32,14,25,2,10,0,12,0,56
665,24,20,12,23,5,10,1,10,0,44
666,24,20,12,23,6,9,0,13,0,44
667,18,23,7,15,10,9,1,14,0,41
668,18,26,11,25,5,12,0,15,0,44
669,19,29,12,29,6,11,0,16,0,48
670,20,28,16,26,3,11,0,14,1,48
671,16,28,12,24,8,11,0,15,0,44
672,24,26,2,20,9,10,0,12,0,50
673,18,25,17,21,8,4,0,13,0,43
674,26,18,10,25,7,6,1,9,0,44
675,19,28,10,19,8,10,1,12,0,47
676,23,22,12,16,10,12,1,11,0,45
677,24,18,14,17,8,12,0,11,0,42
678,20,25,12,29,9,9,0,12,0,45
679,16,26,9,20,8,10,1,12,0,42
680,20,20,10,22,14,9,0,8,0,40
681,17,20,10,16,13,13,0,14,0,37
682,21,24,16,15,1,12,0,13,0,45
683,23,20,19,31,5,12,1,9,0,43
684,19,31,5,21,8,6,2,12,0,50
685,27,20,4,29,8,8,0,12,0,47
686,20,27,9,28,4,9,0,11,0,47
687,19,33,6,27,6,9,0,11,0,52
688,26,21,7,23,6,10,0,11,0,47
689,26,23,8,21,5,4,1,11,0,49
690,26,25,13,24,5,9,0,12,0,51
691,21,19,14,15,10,6,0,10,0,40
692,21,22,12,22,6,11,1,13,0,43
693,22,25,17,22,3,11,1,15,0,47
694,24,32,13,23,7,12,0,14,0,56
695,26,20,16,22,5,12,0,13,0,46
696,27,19,8,23,4,4,0,10,0,46
697,20,27,8,20,6,8,0,11,0,47
698,22,24,9,19,3,13,0,14,0,46
699,17,19,19,21,5,7,0,12,0,36
700,23,22,8,14,5,12,0,9,0,45
701,22,20,13,22,10,12,0,11,0,42
702,21,29,7,25,2,6,0,10,0,50
703,16,27,9,28,9,11,0,19,0,43
704,23,18,12,18,8,11,1,13,0,41
705,19,24,13,20,11,10,0,8,0,43
706,23,22,7,22,11,13,0,13,0,45
707,16,31,17,23,8,11,0,16,0,47
708,20,26,9,23,8,15,0,13,0,46
709,22,18,19,17,7,10,0,11,0,40
710,27,23,7,22,5,10,1,13,0,50
711,22,26,15,25,4,8,0,9,0,48
712,18,26,12,29,5,8,0,12,0,44
713,15,30,8,24,5,10,0,15,0,45
714,16,30,8,24,6,10,1,10,0,46
715,22,27,8,31,6,8,0,13,0,49
716,23,33,3,22,9,14,0,18,0,56
717,27,20,14,25,8,6,0,12,0,47
718,19,22,12,24,11,8,0,11,0,41
719,27,25,5,19,2,11,0,8,0,52
720,18,26,20,24,5,9,1,9,0,44
721,15,28,10,24,12,15,1,14,0,43
722,21,18,6,20,9,11,0,12,0,39
723,24,26,5,25,5,6,0,14,0,50
724,24,21,10,18,7,11,0,9,0,45
725,26,17,10,19,9,8,0,13,0,43
726,29,26,3,28,4,12,0,11,0,55
727,18,24,10,13,6,10,0,15,0,42
728,24,23,13,24,7,7,0,11,0,47
729,21,26,7,20,9,13,1,13,0,47
730,19,22,11,20,6,7,1,14,0,41
731,21,21,6,13,4,8,0,12,0,42
732,25,22,11,22,8,16,0,14,0,47
733,25,23,17,22,7,10,0,10,0,48
734,29,16,7,22,4,10,1,8,0,45
735,18,31,7,20,5,8,0,12,0,49
736,18,24,16,22,4,9,0,13,0,42
737,21,29,10,27,2,8,0,11,0,50
738,28,19,18,22,7,11,0,11,0,47
739,22,21,13,13,7,13,0,16,0,43
740,23,21,30,23,2,10,0,11,0,44
741,22,22,18,17,5,19,0,8,1,44
742,24,20,7,21,6,8,1,11,0,44
743,18,26,9,23,9,6,0,12,0,44
744,23,18,5,21,9,9,2,8,0,41
745,22,18,10,14,8,7,2,11,0,40
746,19,27,7,23,9,6,0,9,0,46
747,22,25,7,22,7,9,0,11,0,47
748,24,17,10,14,5,9,0,10,0,41
749,29,23,11,26,7,10,0,11,0,52
750,19,25,13,22,7,8,0,12,0,44
751,22,26,11,23,8,10,0,15,0,48
752,18,26,8,19,5,10,0,12,0,44
753,25,26,4,29,7,8,1,8,0,51
754,18,24,7,15,7,10,1,9,0,42
755,26,18,9,23,8,8,1,10,0,44
756,29,16,15,20,5,10,0,10,0,45
757,26,19,12,14,5,12,0,10,0,45
758,19,26,14,27,9,13,0,12,0,45
759,20,22,16,19,5,10,0,10,0,42
760,20,23,14,13,4,10,0,14,0,43
761,23,22,8,23,8,13,0,13,0,45
762,22,23,12,28,8,8,0,12,0,45
763,22,32,5,24,5,10,0,11,0,54
764,17,23,12,23,11,8,0,12,0,40
765,19,27,9,25,8,9,1,14,0,46
766,26,19,10,22,3,4,2,10,0,45
767,24,21,4,18,6,10,1,14,0,45
768,25,21,9,24,6,7,0,12,0,46
769,19,28,6,20,10,8,0,14,0,47
770,21,28,10,20,4,9,0,14,0,49
771,24,22,6,24,7,10,0,13,0,46
772,21,20,6,19,8,9,1,10,0,41
773,25,28,9,22,3,6,0,14,0,53
774,17,24,7,19,10,5,2,10,0,41
775,24,21,3,23,8,6,0,13,0,45
776,25,18,12,18,9,10,0,13,0,43
777,20,23,11,20,11,11,2,15,0,43
778,26,31,4,24,3,7,0,11,0,57
779,22,25,10,29,8,6,0,12,0,47
780,24,22,13,21,7,9,0,13,0,46
781,16,23,13,21,11,10,2,10,0,39
782,20,25,14,24,2,8,0,11,0,45
783,16,26,9,23,10,12,0,15,0,42
784,27,27,11,24,4,7,0,11,0,54
785,24,23,9,23,10,10,0,14,0,47
786,21,20,12,21,10,12,0,11,0,41
787,20,20,18,16,6,14,0,10,0,40
788,25,16,13,21,7,9,0,10,0,41
789,26,24,5,15,3,9,0,15,0,50
790,27,22,9,30,7,4,0,9,0,49
791,25,29,2,18,2,8,0,10,0,54
792,24,25,4,28,7,10,0,11,0,49
793,19,22,11,19,7,8,0,13,0,41
794,23,20,13,21,5,13,0,11,0,43
795,25,24,16,21,4,9,0,12,0,49
796,28,23,0,24,5,6,0,10,0,51
797,19,27,5,21,8,6,0,9,0,46
798,18,32,7,25,8,12,0,15,0,50
799,21,28,15,28,5,7,0,9,0,49
800,21,25,9,19,5,5,2,11,0,46
801,24,21,5,26,10,9,1,12,0,45
802,26,21,7,18,4,7,1,8,0,47
803,20,22,8,23,9,10,1,12,0,42
804,23,16,15,20,3,9,0,6,0,39
805,20,28,10,18,4,8,1,10,0,48
806,22,22,10,17,8,10,1,11,0,44
807,21,21,16,20,8,8,0,13,0,42
808,22,27,9,20,6,10,0,16,0,49
809,17,24,11,24,11,9,0,15,0,41
810,19,21,7,13,6,6,0,12,0,40
811,26,17,4,20,6,9,0,14,0,43
812,25,22,6,17,5,8,1,11,0,47
813,22,23,10,23,7,9,0,11,0,45
814,24,21,8,23,7,6,2,10,0,45
815,24,30,5,26,6,7,0,9,0,54
816,23,20,4,19,8,6,0,12,0,43
817,21,22,5,17,7,7,0,12,0,43
818,24,21,5,23,12,5,0,15,0,45
819,27,29,3,20,4,5,0,8,0,56
820,25,21,15,20,6,10,0,10,0,46
821,20,28,9,22,9,12,0,13,0,48
822,25,19,5,18,5,9,0,13,0,44
823,22,23,11,20,5,8,0,14,0,45
824,17,25,19,24,8,13,0,15,0,42
825,22,18,19,18,6,14,0,11,0,40
826,15,39,9,27,6,10,1,12,0,54
827,20,26,13,30,8,9,0,10,0,46
828,20,24,16,23,8,8,1,10,0,44
829,22,20,11,18,8,12,0,9,0,42
830,21,27,18,21,4,8,0,10,0,48
831,24,29,9,28,5,12,0,14,0,53
832,25,23,7,22,6,10,0,13,0,48
833,22,22,8,19,6,7,0,11,0,44
834,19,26,15,23,6,8,0,11,0,45
835,21,21,10,19,5,12,0,15,0,42
836,26,24,4,26,5,12,1,13,0,50
837,15,26,17,19,6,8,0,14,0,41
838,24,18,10,19,9,7,0,12,0,42
839,21,24,6,17,9,12,0,10,0,45
840,17,26,8,11,6,9,0,10,0,43
841,22,18,9,30,12,6,0,10,0,40
842,27,18,13,23,5,6,1,13,0,45
843,23,25,7,15,4,9,0,13,0,48
844,27,26,10,27,5,8,0,11,0,53
845,25,24,10,19,4,8,0,11,0,49
846,24,15,27,22,4,9,0,13,0,39
847,22,23,9,17,7,20,0,15,0,45
848,23,26,9,28,8,7,2,11,0,49
849,20,26,4,20,6,12,1,10,0,46
850,28,24,7,23,4,10,0,13,0,52
851,21,23,6,16,7,5,0,12,0,44
852,18,20,15,16,8,11,0,13,0,38
853,24,20,13,18,6,13,0,16,0,44
854,20,27,12,18,3,9,0,10,0,47
855,22,24,13,32,8,11,1,9,0,46
856,20,20,11,26,7,9,0,15,0,40
857,17,28,13,24,5,8,0,12,0,45
858,21,25,9,26,9,8,0,15,0,46
859,23,29,10,25,4,11,1,11,0,52
860,19,29,10,22,6,6,0,9,0,48
861,26,29,4,26,6,9,0,11,0,55
862,20,24,6,20,8,10,1,12,0,44
863,17,23,11,21,10,6,0,15,0,40
864,22,25,9,19,4,10,1,11,0,47
865,23,24,9,27,8,7,1,11,0,47
866,18,30,14,26,5,9,0,11,0,48
867,22,23,14,21,5,10,0,12,0,45
868,19,34,7,18,3,10,1,10,0,53
869,22,21,16,31,7,6,2,10,0,43
870,25,19,14,18,4,6,0,9,0,44
871,26,21,5,19,7,10,0,16,0,47
872,24,27,5,21,5,9,1,14,0,51
873,24,23,13,27,7,6,0,12,0,47
874,16,26,8,24,9,7,2,12,0,42
875,19,26,11,24,7,7,0,14,0,45
876,26,21,12,21,8,6,0,10,0,47
877,25,18,3,17,12,11,0,15,0,43
878,24,18,10,11,4,11,0,9,0,42
879,19,15,19,15,9,12,0,12,0,34
880,20,28,14,28,8,11,1,18,0,48
881,23,21,17,22,5,10,0,10,0,44
882,18,26,12,22,4,9,0,11,0,44
883,20,24,11,25,8,9,0,12,0,44
884,22,23,10,25,9,9,0,10,0,45
885,24,26,10,21,8,7,0,9,0,50
886,21,21,6,19,8,7,0,9,0,42
887,23,24,5,22,7,8,1,13,0,47
888,21,28,11,25,6,10,0,11,0,49
889,17,24,10,24,9,9,0,13,0,41
890,19,26,10,22,9,5,1,11,0,45
891,24,22,4,26,9,11,0,12,0,46
892,27,21,9,13,1,8,0,18,0,48
893,21,20,14,22,10,7,0,9,0,41
894,23,22,17,18,3,9,0,8,0,45
895,20,24,8,22,10,13,0,11,0,44
896,27,18,14,27,9,10,0,10,0,45
897,20,28,11,14,4,11,2,10,0,48
898,23,26,13,20,3,8,0,11,0,49
899,24,18,9,21,8,11,1,10,0,42
900,21,14,12,17,15,12,0,12,0,35
901,20,24,11,17,10,12,0,12,0,44
902,24,18,5,18,7,9,0,12,0,42
903,20,24,8,21,10,7,0,12,0,44
904,27,17,10,25,9,6,0,14,0,44
905,18,28,8,20,10,7,2,11,0,46
906,22,26,11,21,0,10,0,11,0,48
907,17,22,14,23,9,9,0,12,0,39
908,25,21,6,27,7,6,1,9,0,46
909,19,27,2,20,8,8,0,12,0,46
910,23,31,4,24,3,7,0,14,0,54
911,23,20,7,22,7,8,0,10,0,43
912,19,19,17,21,8,10,0,14,0,38
913,16,39,14,31,8,15,1,12,0,55
914,23,27,3,21,5,10,0,11,0,50
915,20,25,14,28,10,4,2,11,0,45
916,21,22,13,24,5,6,0,14,0,43
917,22,23,4,23,4,8,0,12,0,45
918,24,27,12,26,9,12,0,13,0,51
919,21,20,17,14,7,12,0,11,0,41
920,22,30,2,20,3,7,0,12,0,52
921,25,22,7,27,6,6,2,10,0,47
922,24,25,17,29,4,7,0,11,0,49
923,22,24,6,17,6,11,0,11,0,46
924,26,26,4,23,5,7,0,14,0,52
925,19,25,7,18,11,9,1,11,0,44
926,24,13,12,19,9,5,0,11,0,37
927,22,23,2,12,5,8,0,12,0,45
928,22,24,6,24,4,9,0,11,0,46
929,20,24,3,19,8,9,0,10,0,44
930,21,23,5,18,6,10,0,11,0,44
931,22,23,12,24,6,6,0,12,0,45
932,17,26,11,19,10,10,1,9,0,43
933,22,21,10,24,12,10,0,11,0,43
934,23,22,11,21,11,8,0,11,0,45
935,26,24,12,23,7,8,1,8,0,50
936,16,30,8,18,3,8,1,16,0,46
937,18,25,13,26,4,9,1,12,0,43
938,21,27,17,20,6,7,0,10,0,48
939,22,16,10,21,12,13,0,13,0,38
940,24,22,5,21,5,8,0,11,0,46
941,23,28,4,26,6,7,0,14,0,51
942,18,31,10,21,3,9,0,14,0,49
943,23,19,12,29,9,10,0,13,0,42
944,25,18,5,18,11,7,2,10,0,43
945,24,27,7,24,7,7,0,8,0,51
946,19,22,14,26,10,11,1,12,0,41
947,23,28,9,22,4,8,0,11,0,51
948,19,22,17,16,7,9,1,12,0,41
949,26,21,15,27,6,12,0,13,0,47
950,22,25,4,15,3,7,1,11,0,47
951,24,21,8,27,5,3,0,9,0,45
952,25,22,15,19,3,10,0,13,0,47
953,22,30,11,24,6,11,0,13,0,52
954,28,25,11,32,6,9,0,12,0,53
955,21,29,10,18,4,8,0,10,0,50
956,22,17,12,22,8,10,0,12,0,39
957,20,30,10,21,2,12,0,11,0,50
958,19,23,15,18,4,11,0,12,0,42
959,25,25,13,28,4,13,0,12,0,50
960,23,26,7,21,4,7,1,13,0,49
961,24,26,8,27,5,9,0,11,0,50
962,22,21,12,25,8,14,0,10,0,43
963,18,32,21,24,5,12,0,13,0,50
964,22,23,6,23,7,9,0,11,0,45
965,23,24,9,18,4,5,0,12,0,47
966,20,25,6,23,6,5,0,10,0,45
967,20,24,5,25,7,7,1,10,0,44
968,19,23,4,17,8,8,2,12,0,42
969,20,23,14,23,7,9,1,9,0,43
970,19,25,14,18,4,9,1,11,0,44
971,22,14,7,18,8,8,0,6,0,36
972,15,18,18,17,8,11,0,10,0,33
973,20,27,14,24,3,12,0,15,0,47
974,21,25,15,21,4,12,0,12,0,46
975,24,24,13,25,5,11,1,13,0,48
976,18,24,2,18,8,7,0,13,0,42
977,19,27,7,28,9,11,0,15,0,46
978,13,33,2,17,6,4,0,11,0,46
979,23,21,4,29,8,5,0,14,0,44
980,18,30,15,27,8,10,0,11,0,48
981,21,20,14,17,6,10,0,11,0,41
982,20,22,14,23,8,8,0,12,0,42
983,23,22,5,17,6,10,0,16,0,45
984,15,32,14,25,8,9,0,17,0,47
985,27,18,11,22,2,12,0,9,0,45
986,17,26,9,21,6,9,0,10,0,43
987,16,25,6,24,11,12,0,13,0,41
988,19,31,4,19,7,11,0,14,0,50
989,22,24,13,27,6,7,0,13,0,46
990,25,18,11,20,6,10,0,12,0,43
991,18,17,13,14,12,10,0,12,0,35
992,18,19,7,23,12,7,0,10,0,37
993,20,27,6,22,5,6,0,13,0,47
994,28,23,5,24,9,9,0,8,0,51
995,25,26,10,19,7,8,2,10,0,51
996,23,26,4,20,3,4,0,11,0,49
997,27,25,0,25,4,4,0,9,0,52
998,26,16,25,18,5,12,0,12,0,42
999,16,25,12,20,14,20,0,15,1,41
1000,22,15,11,22,6,10,0,11,0,37
1001,17,24,10,11,4,8,0,11,0,41
1002,24,17,14,22,8,10,1,11,0,41
1003,20,24,9,19,9,11,1,12,0,44
1004,16,26,12,29,15,10,0,10,0,42
1005,19,27,13,20,5,10,2,13,0,46
1006,23,23,23,27,5,9,0,12,0,46
1007,21,27,9,22,9,14,1,18,0,48
1008,20,23,9,19,7,8,1,14,0,43
1009,19,22,3,24,12,8,0,9,0,41
1010,27,22,6,20,6,12,0,11,0,49
1011,25,20,14,20,5,8,2,11,0,45
1012,23,23,12,16,5,8,0,12,0,46
1013,29,18,8,21,4,9,1,12,0,47
1014,23,24,7,22,7,6,0,12,0,47
1015,25,24,6,20,8,7,0,9,0,49
1016,19,25,14,21,6,7,1,8,0,44
1017,25,23,13,23,3,10,0,8,0,48
1018,17,30,2,22,7,13,1,14,0,47
1019,19,19,7,25,9,7,0,14,0,38
1020,18,21,14,19,6,8,0,10,0,39
1021,25,22,2,21,4,10,0,11,0,47
1022,19,22,12,29,11,8,0,11,0,41
1023,20,33,2,22,6,12,1,14,0,53
1024,19,31,15,18,4,7,1,12,0,50
1025,31,13,9,23,9,12,0,11,0,44
1026,19,28,13,24,7,9,1,11,0,47
1027,27,25,8,27,5,10,1,11,0,52
1028,24,29,5,20,4,6,1,9,0,53
1029,21,19,8,26,12,9,0,12,0,40
1030,26,21,6,26,10,12,0,13,0,47
1031,18,26,12,20,8,8,0,11,0,44
1032,26,21,15,27,6,12,0,13,0,47
1033,19,23,9,14,8,13,0,16,0,42
1034,30,25,7,28,6,11,0,12,0,55
1035,19,23,15,19,7,8,1,12,0,42
1036,23,22,16,31,6,7,0,12,0,45
1037,15,34,8,27,9,11,0,11,0,49
1038,19,23,10,25,8,7,0,13,0,42
1039,15,22,3,17,10,9,1,9,0,37
1040,17,25,7,19,10,6,0,10,0,42
1041,21,24,11,27,7,9,0,9,0,45
1042,15,28,8,22,4,7,1,13,0,43
1043,21,22,9,27,4,7,0,9,0,43
1044,15,23,13,19,5,10,0,11,0,38
1045,22,22,15,26,2,9,0,11,0,44
1046,22,20,13,25,10,11,0,9,0,42
1047,16,25,13,22,14,8,0,10,0,41
1048,24,21,0,30,12,12,0,13,0,45
1049,18,27,13,18,5,5,0,12,0,45
1050,22,18,13,22,13,11,1,11,0,40
1051,21,33,15,19,4,11,0,16,0,54
1052,25,19,9,25,5,10,0,12,0,44
1053,19,25,11,21,5,12,1,11,0,44
1054,22,24,8,22,6,8,0,10,0,46
1055,21,23,8,21,6,7,0,12,0,44
1056,20,20,6,20,10,7,1,10,0,40
1057,18,23,13,17,5,8,0,9,0,41
1058,25,24,9,26,7,14,0,12,0,49
1059,22,28,10,26,9,12,0,13,0,50
1060,23,21,13,19,5,14,0,11,0,44
1061,20,26,19,26,5,12,1,16,0,46
1062,23,22,7,18,4,8,0,12,0,45
1063,25,15,13,17,2,4,0,11,0,40
1064,32,20,5,28,2,6,0,9,0,52
1065,20,32,4,21,6,5,1,12,0,52
1066,18,21,14,24,9,11,1,11,0,39
1067,17,27,12,17,6,12,0,10,0,44
1068,17,26,6,9,5,5,0,12,0,43
1069,29,17,6,29,6,6,0,16,0,46
1070,26,21,9,21,7,12,0,11,0,47
1071,21,24,15,19,7,9,1,11,0,45
1072,22,24,5,21,7,13,0,12,0,46
1073,26,23,12,26,7,8,0,9,0,49
1074,16,32,7,18,5,7,0,9,0,48
1075,28,25,6,31,4,7,1,10,0,53
1076,22,21,16,12,3,9,1,10,0,43
1077,28,14,8,21,7,10,0,9,0,42
1078,21,19,16,22,7,10,0,11,0,40
1079,19,24,13,18,7,15,1,14,0,43
1080,19,21,9,23,7,8,0,14,0,40
1081,16,29,6,25,6,9,1,11,0,45
1082,23,24,7,25,5,6,0,10,0,47
1083,21,22,6,21,5,9,0,10,0,43
1084,30,14,10,20,11,13,0,11,0,44
1085,23,22,12,17,9,10,0,16,0,45
1086,26,24,11,26,4,11,0,10,0,50
1087,18,25,16,16,6,8,0,16,0,43
1088,13,34,7,17,7,14,1,11,0,47
1089,25,17,12,28,8,8,0,14,0,42
1090,16,27,6,18,7,13,0,11,0,43
1091,20,27,16,31,5,5,0,11,0,47
1092,22,23,9,17,4,6,0,11,0,45
1093,25,18,3,18,8,9,0,12,0,43
1094,21,25,9,25,6,7,0,11,0,46
1095,21,26,9,24,6,5,0,14,0,47
1096,26,18,12,15,3,6,0,11,0,44
1097,27,12,6,14,7,9,0,14,0,39
1098,17,21,12,20,5,10,0,9,0,38
1099,20,25,10,25,3,10,0,8,0,45
1100,23,23,6,19,4,6,1,11,0,46
1101,27,17,7,18,4,7,0,12,0,44
1102,25,24,11,27,4,7,0,14,0,49
1103,21,24,9,18,3,8,1,15,0,45
1104,18,24,14,18,7,9,0,14,0,42
1105,26,16,12,20,5,7,0,15,0,42
1106,23,27,16,30,8,10,0,12,0,50
1107,21,27,17,24,6,12,0,16,0,48
1108,20,26,13,24,7,10,0,10,0,46
1109,20,28,14,30,10,11,1,10,0,48
1110,22,20,8,21,11,10,0,11,0,42
1111,25,21,12,20,5,9,0,14,0,46
1112,16,34,6,17,4,7,0,9,0,50
1113,28,21,11,33,3,8,0,11,0,49
1114,12,24,7,18,12,11,0,13,0,36
1115,17,25,16,25,6,9,1,12,0,42
1116,26,19,18,21,5,8,0,15,0,45
1117,21,24,13,22,9,16,0,9,0,45
1118,26,28,10,26,3,6,2,12,0,54
1119,20,22,10,21,9,10,1,12,0,42
1120,29,20,18,28,4,7,0,13,0,49
1121,15,39,7,23,7,15,0,9,0,54
1122,18,26,13,18,5,11,0,11,0,44
1123,25,16,10,22,7,7,1,7,0,41
1124,23,25,12,22,4,5,0,9,0,48
1125,17,31,6,24,10,9,0,11,0,48
1126,24,17,13,24,5,11,2,10,0,41
1127,13,25,18,19,9,10,0,9,0,38
1128,23,27,12,16,6,4,1,10,0,50
1129,31,15,4,25,11,11,0,11,0,46
1130,22,24,8,23,7,8,0,13,0,46
1131,21,23,9,21,5,9,0,11,0,44
1132,23,22,11,18,2,5,0,12,0,45
1133,29,13,6,18,7,9,1,13,0,42
1134,20,27,4,17,4,3,0,12,0,47
1135,27,19,5,25,5,5,0,10,0,46
1136,20,21,22,25,8,9,0,10,0,41
1137,14,36,13,23,7,15,1,12,0,50
1138,21,24,16,31,7,12,0,8,0,45
1139,13,23,20,14,7,12,0,12,0,36
1140,20,25,15,21,6,6,1,11,0,45
1141,24,19,2,22,10,11,0,15,0,43
1142,23,23,3,27,7,7,0,10,0,46
1143,24,28,4,22,2,6,0,15,0,52
1144,19,26,9,23,5,11,2,14,0,45
1145,16,23,16,23,5,10,0,12,0,39
1146,18,29,11,24,6,6,1,13,0,47
1147,26,21,6,23,3,7,1,14,0,47
1148,25,29,8,25,4,10,1,11,0,54
1149,24,21,16,23,6,6,0,10,0,45
1150,23,18,15,19,7,8,0,10,0,41
1151,21,25,11,22,7,12,0,10,0,46
1152,21,24,10,27,8,8,1,9,0,45
1153,16,36,10,27,6,6,0,12,0,52
1154,22,24,6,17,5,7,0,13,0,46
1155,20,22,8,27,14,7,0,7,0,42
1156,19,29,9,25,3,9,0,11,0,48
1157,16,26,10,28,9,12,0,10,0,42
1158,18,17,5,21,9,9,0,8,0,35
1159,17,23,6,17,6,7,0,10,0,40
1160,22,13,19,15,6,8,1,11,0,35
1161,26,27,5,20,2,11,0,9,0,53
1162,20,24,9,25,5,6,2,10,0,44
1163,13,33,5,26,9,10,1,11,0,46
1164,23,25,13,24,9,14,1,16,0,48
1165,22,13,16,17,9,14,0,13,0,35
1166,24,20,16,23,6,12,1,12,0,44
1167,20,27,12,17,7,13,1,11,0,47
1168,28,26,4,34,6,10,0,12,0,54
1169,12,33,9,20,10,5,1,14,0,45
1170,24,21,15,26,6,6,0,10,0,45
1171,18,27,11,19,8,15,0,18,0,45
1172,20,23,18,22,4,9,0,10,0,43
1173,18,24,9,22,10,14,0,14,0,42
1174,24,20,9,27,9,10,0,11,0,44
1175,23,28,7,18,3,9,0,10,0,51
1176,17,28,14,21,5,8,0,11,0,45
1177,23,22,5,24,8,11,0,12,0,45
1178,18,26,13,25,3,11,0,9,0,44
1179,19,24,10,21,3,12,0,11,0,43
1180,20,25,2,20,7,9,1,12,0,45
1181,22,28,5,26,5,3,0,13,0,50
1182,20,24,12,27,6,5,0,11,0,44
1183,21,30,9,23,2,10,1,11,0,51
1184,18,26,15,22,8,16,3,16,0,44
1185,18,18,23,17,5,12,0,11,0,36
1186,20,28,6,27,4,7,0,9,0,48
1187,18,30,7,25,3,7,1,14,0,48
1188,18,31,6,31,3,7,0,10,0,49
1189,11,31,9,23,6,6,0,11,0,42
1190,18,24,11,22,8,7,0,11,0,42
1191,28,25,3,17,4,8,1,11,0,53
1192,22,20,8,14,3,9,0,13,0,42
1193,22,20,13,22,6,7,1,10,0,42
1194,28,14,16,13,3,14,0,8,0,42
1195,28,20,19,22,4,10,0,10,0,48
1196,17,30,8,21,4,10,1,15,0,47
1197,15,24,16,29,9,12,0,10,0,39
1198,18,28,7,16,7,6,1,10,0,46
1199,29,19,7,24,2,8,0,11,0,48
1200,16,34,4,18,4,6,0,10,0,50
1201,27,23,5,36,6,5,1,11,0,50
1202,19,18,8,18,14,6,1,10,0,37
1203,21,28,8,22,7,8,0,11,0,49
1204,27,18,4,23,5,4,0,12,0,45
1205,19,30,3,20,6,5,0,11,0,49
1206,20,20,6,17,5,5,1,12,0,40
1207,22,23,4,20,4,3,0,11,0,45
1208,26,24,8,20,5,11,0,14,0,50
1209,27,23,13,26,4,6,0,9,0,50
1210,20,26,11,22,6,7,0,14,0,46
1211,23,27,9,26,6,8,0,10,0,50
1212,21,32,10,24,6,8,1,12,0,53
1213,23,18,8,22,9,9,0,12,0,41
1214,28,18,9,17,4,9,0,14,0,46
1215,21,18,12,16,7,11,1,12,0,39
1216,17,27,8,25,10,9,1,8,0,44
1217,17,25,10,23,6,7,2,10,0,42
1218,23,21,9,16,6,10,2,12,0,44
1219,25,20,10,23,7,12,0,14,0,45
1220,22,25,5,23,8,8,0,10,0,47
1221,20,25,6,21,10,5,1,9,0,45
1222,30,20,10,20,5,13,0,14,0,50
1223,22,19,17,15,10,10,0,9,0,41
1224,26,23,9,22,4,2,2,10,0,49
1225,25,22,2,19,5,8,1,11,0,47
1226,22,24,7,21,5,8,0,12,0,46
1227,21,26,7,22,7,8,0,9,0,47
1228,22,21,18,16,4,11,0,10,0,43
1229,23,20,10,20,12,13,1,12,0,43
1230,26,18,11,25,6,8,1,9,0,44
1231,19,27,6,16,7,9,0,18,0,46
1232,25,26,16,27,3,12,0,13,0,51
1233,18,27,16,19,8,11,1,12,0,45
1234,22,25,7,20,1,10,0,9,0,47
1235,23,17,6,20,6,7,0,10,0,40
1236,25,20,7,18,6,7,0,13,0,45
1237,25,18,10,23,8,6,1,14,0,43
1238,24,18,4,28,13,9,1,9,0,42
1239,22,24,7,12,4,8,1,11,0,46
1240,16,24,15,23,4,5,0,8,0,40
1241,19,28,5,25,5,9,1,12,0,47
1242,26,20,18,23,5,6,0,10,0,46
1243,24,23,12,20,4,11,1,17,0,47
1244,18,22,12,23,13,14,1,13,0,40
1245,18,24,18,21,6,9,0,14,0,42
1246,29,20,8,22,7,8,0,11,0,49
1247,26,22,11,18,5,8,2,8,0,48
1248,25,30,7,29,4,9,0,11,0,55
1249,19,28,9,22,8,9,0,9,0,47
1250,16,23,3,20,9,4,0,13,0,39
1251,19,24,6,24,7,4,0,11,0,43
1252,21,24,11,27,7,7,0,12,0,45
1253,19,29,4,22,7,10,0,12,0,48
1254,23,22,6,25,7,11,0,11,0,45
1255,17,25,13,21,6,7,1,9,0,42
1256,20,24,12,19,7,9,0,11,0,44
1257,26,29,10,28,5,6,0,11,0,55
1258,25,20,12,21,3,6,2,10,0,45
1259,21,24,8,20,6,10,1,11,0,45
1260,26,17,10,21,10,10,0,15,0,43
1261,24,30,9,21,6,11,1,15,0,54
1262,14,26,13,21,7,9,0,12,0,40
1263,19,23,11,23,6,7,0,16,0,42
1264,26,21,8,25,6,10,1,13,0,47
1265,18,23,13,15,10,8,0,10,0,41
1266,23,25,13,21,3,8,0,13,0,48
1267,23,26,5,22,5,8,0,15,0,49
1268,21,24,15,24,8,14,0,14,0,45
1269,19,27,19,21,4,11,0,11,0,46
1270,18,21,12,16,6,4,0,12,0,39
1271,28,23,2,23,5,11,1,12,0,51
1272,24,14,15,15,8,6,0,9,0,38
1273,25,15,11,14,7,11,0,12,0,40
1274,22,21,6,21,8,5,0,8,0,43
1275,18,22,6,25,11,4,1,12,0,40
1276,22,24,7,20,3,9,0,14,0,46
1277,23,27,18,27,2,7,0,9,0,50
1278,12,38,16,29,4,5,0,13,0,50
1279,23,26,4,31,5,11,0,14,0,49
1280,25,17,13,20,4,10,0,13,0,42
1281,16,19,17,16,11,10,0,16,0,35
1282,19,25,8,24,7,7,0,8,0,44
1283,20,31,3,23,6,8,0,9,0,51
1284,29,20,11,29,6,10,0,16,0,49
1285,22,25,9,18,5,8,0,11,0,47
1286,25,16,10,19,5,6,0,10,0,41
1287,23,26,7,18,4,7,0,10,0,49
1288,33,17,4,17,4,10,0,8,0,50
1289,24,22,15,20,6,6,0,11,0,46
1290,23,21,10,23,10,13,0,13,0,44
1291,22,20,18,21,10,8,0,13,0,42
1292,24,18,5,21,10,11,0,14,0,42
1293,19,26,14,22,7,4,0,14,0,45
1294,25,22,12,21,4,8,0,12,0,47
1295,24,26,9,25,6,9,0,12,0,50
1296,20,24,7,23,4,7,3,12,0,44
1297,22,23,3,22,5,8,0,12,0,45
1298,21,21,9,19,9,16,0,16,0,42
1299,19,23,18,22,8,11,0,11,0,42
1300,21,22,5,18,7,7,0,13,0,43
1301,23,25,8,26,6,5,0,10,0,48
1302,19,34,19,25,3,11,0,12,0,53
1303,20,19,16,27,10,13,0,13,0,39
1304,23,18,12,19,4,9,1,9,0,41
1305,20,23,15,20,4,10,1,11,0,43
1306,17,23,6,25,12,11,0,13,0,40
1307,13,26,14,23,10,7,0,12,0,39
1308,16,25,7,20,9,9,0,12,0,41
1309,22,21,11,24,4,7,0,9,0,43
1310,27,15,12,21,5,5,1,10,0,42
1311,26,22,7,15,2,6,0,13,0,48
1312,19,25,5,18,6,8,1,11,0,44
1313,23,19,10,20,5,6,0,9,0,42
1314,24,22,14,15,4,7,0,11,0,46
1315,26,16,10,16,4,10,0,10,0,42
1316,22,23,19,18,5,12,0,12,0,45
1317,27,22,11,25,7,14,0,11,0,49
1318,27,17,12,15,4,6,1,12,0,44
1319,23,27,5,25,8,10,2,15,0,50
1320,26,26,5,29,9,9,0,7,0,52
1321,22,22,12,17,6,6,0,10,0,44
1322,16,27,7,27,11,8,0,13,0,43
1323,19,29,9,25,2,7,1,14,0,48
1324,23,20,14,18,5,6,0,11,0,43
1325,27,17,4,17,6,12,1,11,0,44
1326,25,20,8,21,7,11,1,10,0,45
1327,22,18,15,15,3,8,1,13,0,40
1328,22,22,12,26,9,17,0,12,0,44
1329,16,33,23,28,7,13,0,15,0,49
1330,30,14,13,20,12,7,0,13,0,44
1331,31,26,5,21,8,10,1,11,0,57
1332,21,29,9,23,5,9,1,12,0,50
1333,26,23,10,25,6,8,0,9,0,49
1334,23,31,12,30,8,7,0,12,0,54
1335,21,25,10,20,8,10,0,11,0,46
1336,20,29,15,26,2,10,1,12,0,49
1337,18,26,16,27,6,13,0,11,0,44
1338,32,17,6,29,6,6,0,5,0,49
1339,20,30,6,15,5,8,0,9,0,50
1340,26,19,15,20,6,9,0,11,0,45
1341,25,25,6,22,10,14,0,14,0,50
1342,15,36,5,27,4,8,0,11,0,51
1343,21,28,11,31,4,7,0,10,0,49
1344,18,27,10,18,1,6,1,12,0,45
1345,23,24,8,30,4,7,0,9,0,47
1346,22,20,18,18,5,8,1,11,0,42
1347,26,13,9,17,7,14,0,16,0,39
1348,19,34,5,24,5,12,1,14,0,53
1349,24,21,10,23,4,7,0,15,0,45
1350,23,18,11,21,6,12,0,9,0,41
1351,14,27,9,20,10,11,0,16,0,41
1352,22,21,7,18,10,10,0,12,0,43
1353,25,15,12,19,7,5,0,10,0,40
1354,21,21,18,24,10,9,0,12,0,42
1355,25,30,6,20,4,11,1,11,0,55
1356,29,19,6,20,2,8,1,11,0,48
1357,24,20,9,18,5,7,0,17,0,44
1358,21,26,5,23,6,7,0,13,0,47
1359,20,20,4,20,7,8,0,13,0,40
1360,20,25,18,25,6,9,1,12,0,45
1361,21,22,11,21,6,12,0,11,0,43
1362,27,28,14,27,1,7,0,10,0,55
1363,26,20,7,21,5,11,0,11,0,46
1364,24,20,4,19,1,7,1,11,0,44
1365,16,25,8,22,7,7,0,9,0,41
1366,24,12,11,20,12,9,0,11,0,36
1367,20,28,9,15,4,10,1,11,0,48
1368,21,22,12,22,10,6,0,12,0,43
1369,21,25,11,23,7,8,0,16,0,46
1370,28,15,11,17,7,16,0,12,0,43
1371,21,14,17,13,9,11,1,10,0,35
1372,20,26,13,19,4,9,0,13,0,46
1373,23,22,10,22,5,13,1,11,0,45
1374,24,24,12,27,3,8,1,10,0,48
1375,17,31,9,24,6,13,1,14,0,48
1376,18,26,7,25,4,5,0,8,0,44
1377,18,27,3,25,6,6,2,9,0,45
1378,24,23,6,21,4,5,0,11,0,47
1379,20,25,6,21,6,7,0,10,0,45
1380,18,24,8,23,6,10,0,13,0,42
1381,17,22,11,22,8,9,0,14,0,39
1382,16,28,16,18,4,6,0,11,0,44
1383,20,24,6,32,12,10,0,12,0,44
